User_ID,Name,Email,Age,Gender,Address
1,Tono Pratama,tonopratama858@example.com,34,Male,"Tegal, Jawa Tengah"
2,Eka Kusuma,ekakusuma629@example.com,59,Male,"Kupang, Nusa Tenggara Timur"
3,Lina Sari B.A.,linasari11@example.com,61,Female,"Lhokseumawe, Aceh"
4,Bambang Hidayat,bambanghidayat565@example.com,26,Female,"Semarang, Jawa Tengah"
5,Tono Santoso,tonosantoso978@example.com,49,Male,"Batam, Kepulauan Riau"
6,Agus Santoso,agussantoso441@example.com,56,Male,"Bengkulu, Bengkulu"
7,Yudi Halim,yudihalim326@example.com,58,Male,"Lhokseumawe, Aceh"
8,Sukmono Putra,sukmonoputra71@example.com,53,Male,"Bandar Lampung, Lampung"
9,Reni Santoso,renisantoso785@example.com,21,Female,"Ambon, Maluku"
10,Siti Hidayat,sitihidayat569@example.com,37,Female,"Pontianak, Kalimantan Barat"
11,Bambang Santoso,bambangsantoso676@example.com,38,Female,"Jakarta, DKI Jakarta"
12,Yudi Hidayat,yudihidayat940@example.com,56,Male,"Cirebon, Jawa Barat"
13,Eka Kusuma MBA,ekakusuma431@example.com,40,Male,"Cirebon, Jawa Barat"
14,Reni Halim,renihalim668@example.com,36,Female,"Bukittinggi, Sumatera Barat"
15,Eka Putra,ekaputra806@example.com,48,Male,"Bali, Bali"
16,Santi Nugroho,santinugroho811@example.com,65,Female,"Makassar, Sulawesi Selatan"
17,Reni Sujono,renisujono333@example.com,64,Female,"Manado, Sulawesi Utara"
18,Agus Sujono,agussujono59@example.com,36,Male,"Malang, Jawa Timur"
19,Siti Tampubolon,sititampubolon682@example.com,38,Female,"Bali, Bali"
20,Reni Nugroho,reninugroho786@example.com,37,Female,"Makassar, Sulawesi Selatan"
21,Maya Panggabean Dr.,mayapanggabean282@example.com,34,Female,"Tarakan, Kalimantan Utara"
22,Siti Santoso,sitisantoso284@example.com,51,Female,"Palangkaraya, Kalimantan Tengah"
23,Lina Nugroho,linanugroho742@example.com,19,Female,"Jakarta, DKI Jakarta"
24,Maya Widodo S.H.,mayawidodo318@example.com,45,Female,"Bali, Bali"
25,Reni Widodo,reniwidodo767@example.com,32,Female,"Madiun, Jawa Timur"
26,Rizki Wibowo,rizkiwibowo733@example.com,36,Male,"Pekanbaru, Riau"
27,Tasya Kusuma,tasyakusuma30@example.com,34,Female,"Surabaya, Jawa Timur"
28,Tomas Panggabean,tomaspanggabean524@example.com,57,Male,"Bali, Bali"
29,Budi Hidayat,budihidayat497@example.com,28,Male,"Kupang, Nusa Tenggara Timur"
30,Joko Pratama,jokopratama511@example.com,32,Male,"Ambon, Maluku"
31,Hendra Halim,hendrahalim321@example.com,24,Male,"Medan, Sumatera Utara"
32,Dewi Widodo,dewiwidodo138@example.com,38,Female,"Malang, Jawa Timur"
33,Yudi Halim,yudihalim381@example.com,19,Male,"Bukittinggi, Sumatera Barat"
34,Yudi Santoso,yudisantoso991@example.com,53,Male,"Ambon, Maluku"
35,Eka Halim,ekahalim844@example.com,35,Male,"Bandung, Jawa Barat"
36,Lina Sari,linasari438@example.com,38,Female,"Cianjur, Jawa Barat"
37,Rizki Sujono,rizkisujono666@example.com,27,Male,"Samarinda, Kalimantan Timur"
38,Budi Pratama,budipratama319@example.com,41,Male,"Bukittinggi, Sumatera Barat"
39,Kartika Kusuma,kartikakusuma465@example.com,40,Female,"Bandung, Jawa Barat"
40,Sukmono Siregar,sukmonosiregar830@example.com,43,Male,"Balikpapan, Kalimantan Timur"
41,Lina Halim,linahalim904@example.com,41,Female,"Aceh, Aceh"
42,Indah Sari Ir.,indahsari189@example.com,52,Female,"Gorontalo, Gorontalo"
43,Joko Tampubolon,jokotampubolon343@example.com,37,Male,"Pontianak, Kalimantan Barat"
44,Joko Sujono MBA,jokosujono283@example.com,64,Male,"Tegal, Jawa Tengah"
45,Dewi Nugroho,dewinugroho377@example.com,23,Female,"Jambi, Jambi"
46,Joko Hidayat,jokohidayat298@example.com,47,Male,"Batang, Jawa Tengah"
47,Joko Tampubolon,jokotampubolon403@example.com,26,Male,"Kupang, Nusa Tenggara Timur"
48,Reni Sujono,renisujono432@example.com,35,Female,"Batang, Jawa Tengah"
49,Yudi Batubara Dr.,yudibatubara749@example.com,39,Male,"Cianjur, Jawa Barat"
50,Tomas Siregar M.A.,tomassiregar888@example.com,39,Male,"Bali, Bali"
51,Sukmono Batubara,sukmonobatubara765@example.com,64,Male,"Bengkulu, Bengkulu"
52,Hendra Hidayat,hendrahidayat396@example.com,55,Male,"Pekanbaru, Riau"
53,Lina Wijaya,linawijaya824@example.com,48,Female,"Semarang, Jawa Tengah"
54,Sukarno Arifin,sukarnoarifin580@example.com,38,Female,"Malang, Jawa Timur"
55,Rizki Pratama,rizkipratama775@example.com,30,Male,"Bukittinggi, Sumatera Barat"
56,Reni Kusuma,renikusuma182@example.com,32,Female,"Tarakan, Kalimantan Utara"
57,Indah Kusuma,indahkusuma460@example.com,58,Female,"Manado, Sulawesi Utara"
58,Indah Halim,indahhalim182@example.com,31,Female,"Bali, Bali"
59,Tomas Hasibuan M.Pd.,tomashasibuan904@example.com,37,Male,"Tanjungpinang, Kepulauan Riau"
60,Hendra Wijaya,hendrawijaya136@example.com,45,Male,"Jakarta, DKI Jakarta"
61,Rina Nugroho M.T.,rinanugroho344@example.com,32,Female,"Manado, Sulawesi Utara"
62,Agus Santoso,agussantoso45@example.com,61,Male,"Samarinda, Kalimantan Timur"
63,Tomas Wibowo,tomaswibowo531@example.com,28,Male,"Cirebon, Jawa Barat"
64,Santi Hidayat,santihidayat83@example.com,35,Female,"Aceh, Aceh"
65,Sukarno Kusuma,sukarnokusuma701@example.com,52,Female,"Denpasar, Bali"
66,Bambang Wijaya,bambangwijaya444@example.com,65,Female,"Tarakan, Kalimantan Utara"
67,Sukarno Widodo,sukarnowidodo646@example.com,59,Female,"Surabaya, Jawa Timur"
68,Bambang Wibowo,bambangwibowo975@example.com,39,Male,"Palembang, Sumatera Selatan"
69,Hendra Halim,hendrahalim574@example.com,25,Male,"Batang, Jawa Tengah"
70,Bambang Kusuma,bambangkusuma17@example.com,42,Male,"Denpasar, Bali"
71,Yudi Santoso,yudisantoso319@example.com,47,Male,"Aceh, Aceh"
72,Rina Hidayat,rinahidayat907@example.com,31,Female,"Banjarmasin, Kalimantan Selatan"
73,Tasya Hidayat,tasyahidayat671@example.com,25,Female,"Batam, Kepulauan Riau"
74,Agus Halim,agushalim510@example.com,33,Male,"Tarakan, Kalimantan Utara"
75,Tomas Putra,tomasputra112@example.com,51,Male,"Balikpapan, Kalimantan Timur"
76,Budi Simanjuntak,budisimanjuntak421@example.com,48,Male,"Medan, Sumatera Utara"
77,Budi Wijaya Prof.,budiwijaya361@example.com,35,Male,"Manado, Sulawesi Utara"
78,Hendra Nugroho M.D.,hendranugroho605@example.com,39,Male,"Kupang, Nusa Tenggara Timur"
79,Sukmono Halim,sukmonohalim250@example.com,34,Male,"Jayapura, Papua"
80,Budi Santoso,budisantoso22@example.com,34,Male,"Ambon, Maluku"
81,Maya Hasibuan,mayahasibuan767@example.com,43,Female,"Madiun, Jawa Timur"
82,Dewi Sari,dewisari287@example.com,47,Female,"Tarakan, Kalimantan Utara"
83,Maya Arifin,mayaarifin214@example.com,35,Female,"Bengkulu, Bengkulu"
84,Agus Kusuma,aguskusuma709@example.com,34,Male,"Kupang, Nusa Tenggara Timur"
85,Tono Pratama Dr.,tonopratama920@example.com,65,Male,"Samarinda, Kalimantan Timur"
86,Tono Wibowo,tonowibowo73@example.com,58,Male,"Semarang, Jawa Tengah"
87,Kartika Santoso,kartikasantoso414@example.com,55,Female,"Jayapura, Papua"
88,Eka Halim S.H.,ekahalim31@example.com,50,Male,"Medan, Sumatera Utara"
89,Agus Pratama,aguspratama243@example.com,34,Male,"Jambi, Jambi"
90,Rizki Pratama,rizkipratama698@example.com,64,Male,"Balikpapan, Kalimantan Timur"
91,Rina Nugroho,rinanugroho13@example.com,46,Female,"Surabaya, Jawa Timur"
92,Maya Sari,mayasari766@example.com,22,Female,"Semarang, Jawa Tengah"
93,Dewi Sari,dewisari261@example.com,56,Female,"Madiun, Jawa Timur"
94,Eka Harahap,ekaharahap120@example.com,62,Male,"Pontianak, Kalimantan Barat"
95,Indah Sari,indahsari475@example.com,50,Female,"Banda Aceh, Aceh"
96,Joko Wibowo,jokowibowo144@example.com,40,Male,"Tarakan, Kalimantan Utara"
97,Reni Hidayat,renihidayat123@example.com,22,Female,"Medan, Sumatera Utara"
98,Rina Arifin,rinaarifin683@example.com,42,Female,"Batam, Kepulauan Riau"
99,Indah Arifin,indaharifin706@example.com,64,Female,"Bukittinggi, Sumatera Barat"
100,Siti Hidayat,sitihidayat693@example.com,22,Female,"Kendari, Sulawesi Tenggara"
101,Tomas Pratama,tomaspratama145@example.com,63,Male,"Ambon, Maluku"
102,Rina Sari,rinasari556@example.com,23,Female,"Batang, Jawa Tengah"
103,Yudi Sujono,yudisujono342@example.com,61,Male,"Makassar, Sulawesi Selatan"
104,Maya Harahap,mayaharahap308@example.com,44,Female,"Ambon, Maluku"
105,Prabowo Wijaya,prabowowijaya878@example.com,47,Male,"Jambi, Jambi"
106,Sukmono Sujono,sukmonosujono394@example.com,49,Male,"Semarang, Jawa Tengah"
107,Kartika Wijaya,kartikawijaya40@example.com,55,Female,"Aceh, Aceh"
108,Prabowo Putra,prabowoputra460@example.com,37,Male,"Jakarta, DKI Jakarta"
109,Siti Sari,sitisari403@example.com,51,Female,"Palangkaraya, Kalimantan Tengah"
110,Rina Wijaya,rinawijaya151@example.com,38,Female,"Palangkaraya, Kalimantan Tengah"
111,Yudi Putra,yudiputra115@example.com,34,Male,"Jambi, Jambi"
112,Reni Sujono,renisujono774@example.com,55,Female,"Bandung, Jawa Barat"
113,Hendra Hidayat,hendrahidayat67@example.com,40,Male,"Batam, Kepulauan Riau"
114,Santi Sari,santisari966@example.com,47,Female,"Madiun, Jawa Timur"
115,Rizki Halim,rizkihalim525@example.com,47,Male,"Cirebon, Jawa Barat"
116,Bambang Kusuma,bambangkusuma996@example.com,36,Male,"Ciputat, Banten"
117,Hendra Halim,hendrahalim232@example.com,37,Male,"Bandung, Jawa Barat"
118,Budi Tampubolon,buditampubolon84@example.com,62,Male,"Bandung, Jawa Barat"
119,Rina Arifin,rinaarifin899@example.com,26,Female,"Yogyakarta, Daerah Istimewa Yogyakarta"
120,Rina Nugroho,rinanugroho387@example.com,54,Female,"Bengkulu, Bengkulu"
121,Budi Putra,budiputra80@example.com,56,Male,"Cianjur, Jawa Barat"
122,Tono Kusuma,tonokusuma605@example.com,45,Male,"Cilegon, Banten"
123,Rizki Hidayat,rizkihidayat706@example.com,61,Male,"Mataram, Nusa Tenggara Barat"
124,Siti Widodo,sitiwidodo134@example.com,31,Female,"Mataram, Nusa Tenggara Barat"
125,Reni Arifin,reniarifin526@example.com,50,Female,"Makassar, Sulawesi Selatan"
126,Tomas Pratama,tomaspratama417@example.com,48,Male,"Palangkaraya, Kalimantan Tengah"
127,Lina Wijaya,linawijaya163@example.com,65,Female,"Bengkulu, Bengkulu"
128,Sukarno Halim,sukarnohalim95@example.com,53,Female,"Palangkaraya, Kalimantan Tengah"
129,Bambang Kusuma,bambangkusuma388@example.com,34,Male,"Madiun, Jawa Timur"
130,Santi Santoso,santisantoso926@example.com,42,Female,"Aceh, Aceh"
131,Eka Halim B.Eng,ekahalim955@example.com,41,Male,"Cirebon, Jawa Barat"
132,Rizki Wibowo M.Pd.,rizkiwibowo607@example.com,32,Male,"Jambi, Jambi"
133,Reni Nugroho,reninugroho846@example.com,43,Female,"Palangkaraya, Kalimantan Tengah"
134,Prabowo Wibowo,prabowowibowo776@example.com,30,Male,"Batam, Kepulauan Riau"
135,Hendra Santoso,hendrasantoso328@example.com,61,Male,"Tarakan, Kalimantan Utara"
136,Santi Sari,santisari521@example.com,56,Female,"Jayapura, Papua"
137,Hendra Wijaya C.A.,hendrawijaya604@example.com,53,Male,"Batam, Kepulauan Riau"
138,Eka Wibowo,ekawibowo840@example.com,55,Male,"Cilegon, Banten"
139,Reni Widodo,reniwidodo940@example.com,56,Female,"Tanjungpinang, Kepulauan Riau"
140,Budi Nugroho,budinugroho978@example.com,24,Male,"Batang, Jawa Tengah"
141,Bambang Nugroho,bambangnugroho518@example.com,26,Male,"Samarinda, Kalimantan Timur"
142,Siti Widodo,sitiwidodo371@example.com,20,Female,"Balikpapan, Kalimantan Timur"
143,Sukmono Nugroho B.A.,sukmononugroho351@example.com,35,Male,"Samarinda, Kalimantan Timur"
144,Siti Hidayat,sitihidayat870@example.com,23,Female,"Pekanbaru, Riau"
145,Reni Tampubolon,renitampubolon432@example.com,22,Female,"Bandar Lampung, Lampung"
146,Sukarno Halim,sukarnohalim387@example.com,25,Female,"Batang, Jawa Tengah"
147,Dewi Santoso,dewisantoso727@example.com,37,Female,"Jayapura, Papua"
148,Reni Kusuma,renikusuma204@example.com,52,Female,"Bali, Bali"
149,Kartika Hidayat,kartikahidayat950@example.com,63,Female,"Aceh, Aceh"
150,Rina Hidayat,rinahidayat827@example.com,30,Female,"Ciputat, Banten"
151,Sukmono Kusuma M.Pd.,sukmonokusuma60@example.com,42,Male,"Medan, Sumatera Utara"
152,Kartika Halim,kartikahalim671@example.com,31,Female,"Jayapura, Papua"
153,Rina Nasution,rinanasution762@example.com,57,Female,"Pekanbaru, Riau"
154,Joko Hidayat,jokohidayat718@example.com,54,Male,"Cirebon, Jawa Barat"
155,Budi Pratama,budipratama907@example.com,48,Male,"Palangkaraya, Kalimantan Tengah"
156,Yudi Nugroho,yudinugroho319@example.com,45,Male,"Cirebon, Jawa Barat"
157,Kartika Nugroho,kartikanugroho527@example.com,48,Female,"Yogyakarta, Daerah Istimewa Yogyakarta"
158,Hendra Pratama,hendrapratama543@example.com,31,Male,"Ambon, Maluku"
159,Bambang Sujono,bambangsujono394@example.com,59,Female,"Tarakan, Kalimantan Utara"
160,Kartika Kusuma,kartikakusuma928@example.com,23,Female,"Denpasar, Bali"
161,Reni Sujono,renisujono912@example.com,38,Female,"Medan, Sumatera Utara"
162,Prabowo Halim,prabowohalim79@example.com,31,Male,"Semarang, Jawa Tengah"
163,Bambang Wijaya,bambangwijaya653@example.com,62,Female,"Samarinda, Kalimantan Timur"
164,Prabowo Pratama,prabowopratama713@example.com,32,Male,"Madiun, Jawa Timur"
165,Indah Sari,indahsari74@example.com,45,Female,"Cilegon, Banten"
166,Reni Batubara,renibatubara424@example.com,54,Female,"Palembang, Sumatera Selatan"
167,Kartika Widodo,kartikawidodo244@example.com,48,Female,"Manado, Sulawesi Utara"
168,Dewi Widodo,dewiwidodo905@example.com,18,Female,"Balikpapan, Kalimantan Timur"
169,Eka Wibowo,ekawibowo31@example.com,50,Male,"Pekanbaru, Riau"
170,Bambang Sujono,bambangsujono36@example.com,20,Male,"Ciputat, Banten"
171,Tono Batubara,tonobatubara278@example.com,64,Male,"Makassar, Sulawesi Selatan"
172,Reni Halim,renihalim130@example.com,61,Female,"Manado, Sulawesi Utara"
173,Rizki Sujono,rizkisujono577@example.com,33,Male,"Pontianak, Kalimantan Barat"
174,Sukarno Hidayat,sukarnohidayat665@example.com,24,Female,"Malang, Jawa Timur"
175,Tono Santoso,tonosantoso128@example.com,24,Male,"Pekanbaru, Riau"
176,Siti Wijaya,sitiwijaya996@example.com,56,Female,"Mataram, Nusa Tenggara Barat"
177,Joko Halim,jokohalim780@example.com,39,Male,"Ambon, Maluku"
178,Rizki Kusuma,rizkikusuma987@example.com,39,Male,"Palangkaraya, Kalimantan Tengah"
179,Dewi Sujono,dewisujono557@example.com,45,Female,"Ciputat, Banten"
180,Sukmono Hidayat,sukmonohidayat88@example.com,30,Male,"Tegal, Jawa Tengah"
181,Sukmono Hidayat,sukmonohidayat73@example.com,30,Male,"Denpasar, Bali"
182,Indah Hidayat,indahhidayat433@example.com,48,Female,"Jambi, Jambi"
183,Joko Wibowo B.A.,jokowibowo450@example.com,38,Male,"Samarinda, Kalimantan Timur"
184,Bambang Nugroho,bambangnugroho490@example.com,47,Female,"Pontianak, Kalimantan Barat"
185,Prabowo Tampubolon,prabowotampubolon46@example.com,28,Male,"Surabaya, Jawa Timur"
186,Bambang Kusuma,bambangkusuma962@example.com,54,Male,"Tegal, Jawa Tengah"
187,Dewi Santoso,dewisantoso443@example.com,59,Female,"Palangkaraya, Kalimantan Tengah"
188,Tomas Wibowo,tomaswibowo291@example.com,37,Male,"Samarinda, Kalimantan Timur"
189,Tomas Santoso B.Eng,tomassantoso243@example.com,19,Male,"Lhokseumawe, Aceh"
190,Tasya Panggabean,tasyapanggabean353@example.com,35,Female,"Aceh, Aceh"
191,Santi Sari,santisari812@example.com,26,Female,"Mataram, Nusa Tenggara Barat"
192,Rizki Simanjuntak,rizkisimanjuntak229@example.com,51,Male,"Yogyakarta, Daerah Istimewa Yogyakarta"
193,Rina Santoso,rinasantoso479@example.com,61,Female,"Banjarmasin, Kalimantan Selatan"
194,Agus Putra,agusputra983@example.com,52,Male,"Bandung, Jawa Barat"
195,Bambang Wijaya,bambangwijaya651@example.com,45,Female,"Cilegon, Banten"
196,Sukmono Sujono,sukmonosujono947@example.com,50,Male,"Gorontalo, Gorontalo"
197,Tomas Hidayat,tomashidayat637@example.com,50,Male,"Pontianak, Kalimantan Barat"
198,Tomas Santoso M.D.,tomassantoso26@example.com,55,Male,"Tanjungpinang, Kepulauan Riau"
199,Maya Nugroho,mayanugroho255@example.com,29,Female,"Banjarmasin, Kalimantan Selatan"
200,Joko Santoso,jokosantoso715@example.com,24,Male,"Gorontalo, Gorontalo"
201,Dewi Hasibuan,dewihasibuan38@example.com,63,Female,"Samarinda, Kalimantan Timur"
202,Prabowo Pratama,prabowopratama109@example.com,19,Male,"Bali, Bali"
203,Tono Hidayat,tonohidayat576@example.com,60,Male,"Banjarmasin, Kalimantan Selatan"
204,Hendra Hidayat,hendrahidayat506@example.com,54,Male,"Gorontalo, Gorontalo"
205,Agus Putra Dra.,agusputra936@example.com,21,Male,"Palangkaraya, Kalimantan Tengah"
206,Hendra Pratama,hendrapratama381@example.com,55,Male,"Gorontalo, Gorontalo"
207,Sukarno Santoso,sukarnosantoso498@example.com,45,Female,"Batang, Jawa Tengah"
208,Lina Hasibuan,linahasibuan460@example.com,54,Female,"Cirebon, Jawa Barat"
209,Tasya Widodo,tasyawidodo519@example.com,43,Female,"Lhokseumawe, Aceh"
210,Lina Halim,linahalim959@example.com,46,Female,"Yogyakarta, Daerah Istimewa Yogyakarta"
211,Reni Santoso,renisantoso686@example.com,50,Female,"Pontianak, Kalimantan Barat"
212,Bambang Wibowo,bambangwibowo132@example.com,32,Male,"Ciputat, Banten"
213,Bambang Wibowo,bambangwibowo276@example.com,36,Male,"Surabaya, Jawa Timur"
214,Tomas Kusuma,tomaskusuma644@example.com,57,Male,"Ambon, Maluku"
215,Bambang Santoso,bambangsantoso16@example.com,59,Female,"Balikpapan, Kalimantan Timur"
216,Yudi Santoso,yudisantoso469@example.com,57,Male,"Bandar Lampung, Lampung"
217,Dewi Tampubolon,dewitampubolon815@example.com,30,Female,"Banda Aceh, Aceh"
218,Agus Nugroho,agusnugroho221@example.com,34,Male,"Pontianak, Kalimantan Barat"
219,Tono Nugroho,tononugroho77@example.com,30,Male,"Bali, Bali"
220,Yudi Putra,yudiputra567@example.com,60,Male,"Makassar, Sulawesi Selatan"
221,Eka Sujono,ekasujono442@example.com,24,Male,"Makassar, Sulawesi Selatan"
222,Rina Nugroho,rinanugroho582@example.com,24,Female,"Medan, Sumatera Utara"
223,Tono Nugroho,tononugroho533@example.com,36,Male,"Cianjur, Jawa Barat"
224,Eka Hidayat,ekahidayat125@example.com,36,Male,"Madiun, Jawa Timur"
225,Bambang Halim,bambanghalim120@example.com,29,Male,"Tanjungpinang, Kepulauan Riau"
226,Tomas Santoso,tomassantoso938@example.com,52,Male,"Semarang, Jawa Tengah"
227,Joko Wibowo,jokowibowo267@example.com,61,Male,"Samarinda, Kalimantan Timur"
228,Tasya Arifin,tasyaarifin51@example.com,21,Female,"Kendari, Sulawesi Tenggara"
229,Dewi Batubara,dewibatubara44@example.com,41,Female,"Batam, Kepulauan Riau"
230,Tono Pratama,tonopratama128@example.com,64,Male,"Semarang, Jawa Tengah"
231,Tasya Kusuma,tasyakusuma324@example.com,25,Female,"Banjarmasin, Kalimantan Selatan"
232,Sukmono Hidayat,sukmonohidayat181@example.com,38,Male,"Pekanbaru, Riau"
233,Rina Sujono,rinasujono912@example.com,28,Female,"Tegal, Jawa Tengah"
234,Indah Kusuma,indahkusuma554@example.com,65,Female,"Pekanbaru, Riau"
235,Joko Kusuma,jokokusuma762@example.com,20,Male,"Ciputat, Banten"
236,Maya Kusuma,mayakusuma590@example.com,20,Female,"Manado, Sulawesi Utara"
237,Siti Sujono,sitisujono156@example.com,54,Female,"Tarakan, Kalimantan Utara"
238,Maya Widodo,mayawidodo70@example.com,53,Female,"Batang, Jawa Tengah"
239,Bambang Sujono,bambangsujono657@example.com,18,Female,"Bali, Bali"
240,Dewi Santoso,dewisantoso789@example.com,49,Female,"Palembang, Sumatera Selatan"
241,Maya Santoso,mayasantoso189@example.com,29,Female,"Ciputat, Banten"
242,Sukarno Siregar,sukarnosiregar163@example.com,50,Female,"Palangkaraya, Kalimantan Tengah"
243,Bambang Hidayat,bambanghidayat598@example.com,20,Female,"Yogyakarta, Daerah Istimewa Yogyakarta"
244,Yudi Pratama,yudipratama217@example.com,49,Male,"Balikpapan, Kalimantan Timur"
245,Bambang Sari,bambangsari36@example.com,34,Female,"Surabaya, Jawa Timur"
246,Agus Sujono Prof.,agussujono477@example.com,36,Male,"Pontianak, Kalimantan Barat"
247,Prabowo Pratama,prabowopratama209@example.com,30,Male,"Malang, Jawa Timur"
248,Santi Wijaya,santiwijaya584@example.com,42,Female,"Bali, Bali"
249,Dewi Widodo,dewiwidodo2@example.com,21,Female,"Bandung, Jawa Barat"
250,Reni Nugroho,reninugroho724@example.com,31,Female,"Madiun, Jawa Timur"
251,Santi Nugroho Dr.,santinugroho303@example.com,55,Female,"Surabaya, Jawa Timur"
252,Reni Panggabean,renipanggabean880@example.com,44,Female,"Cirebon, Jawa Barat"
253,Indah Sujono,indahsujono354@example.com,58,Female,"Samarinda, Kalimantan Timur"
254,Budi Simanjuntak,budisimanjuntak606@example.com,57,Male,"Mataram, Nusa Tenggara Barat"
255,Agus Wibowo,aguswibowo653@example.com,32,Male,"Cirebon, Jawa Barat"
256,Indah Wijaya,indahwijaya342@example.com,45,Female,"Malang, Jawa Timur"
257,Maya Widodo,mayawidodo486@example.com,65,Female,"Semarang, Jawa Tengah"
258,Rina Nugroho,rinanugroho306@example.com,34,Female,"Batang, Jawa Tengah"
259,Indah Arifin,indaharifin210@example.com,35,Female,"Aceh, Aceh"
260,Indah Halim,indahhalim448@example.com,49,Female,"Kendari, Sulawesi Tenggara"
261,Sukarno Arifin,sukarnoarifin734@example.com,44,Female,"Yogyakarta, Daerah Istimewa Yogyakarta"
262,Sukarno Nugroho,sukarnonugroho713@example.com,20,Female,"Bengkulu, Bengkulu"
263,Hendra Pratama,hendrapratama57@example.com,64,Male,"Jayapura, Papua"
264,Sukarno Santoso,sukarnosantoso443@example.com,25,Female,"Banjarmasin, Kalimantan Selatan"
265,Reni Santoso,renisantoso817@example.com,63,Female,"Manado, Sulawesi Utara"
266,Joko Kusuma,jokokusuma214@example.com,56,Male,"Jakarta, DKI Jakarta"
267,Yudi Pratama,yudipratama609@example.com,48,Male,"Ambon, Maluku"
268,Indah Nugroho,indahnugroho575@example.com,20,Female,"Palembang, Sumatera Selatan"
269,Lina Kusuma,linakusuma792@example.com,36,Female,"Ambon, Maluku"
270,Indah Wijaya,indahwijaya99@example.com,43,Female,"Balikpapan, Kalimantan Timur"
271,Reni Santoso,renisantoso677@example.com,42,Female,"Batam, Kepulauan Riau"
272,Budi Kusuma,budikusuma745@example.com,51,Male,"Ciputat, Banten"
273,Joko Pratama,jokopratama785@example.com,28,Male,"Bandung, Jawa Barat"
274,Reni Sari,renisari205@example.com,24,Female,"Yogyakarta, Daerah Istimewa Yogyakarta"
275,Eka Pratama,ekapratama205@example.com,57,Male,"Batam, Kepulauan Riau"
276,Sukarno Nugroho,sukarnonugroho883@example.com,47,Female,"Bukittinggi, Sumatera Barat"
277,Budi Nugroho,budinugroho384@example.com,19,Male,"Pekanbaru, Riau"
278,Tono Nugroho,tononugroho362@example.com,28,Male,"Samarinda, Kalimantan Timur"
279,Tono Wibowo,tonowibowo669@example.com,38,Male,"Bandung, Jawa Barat"
280,Tono Wijaya,tonowijaya869@example.com,47,Male,"Ciputat, Banten"
281,Bambang Kusuma,bambangkusuma649@example.com,59,Female,"Pekanbaru, Riau"
282,Dewi Halim,dewihalim585@example.com,25,Female,"Malang, Jawa Timur"
283,Maya Harahap,mayaharahap256@example.com,46,Female,"Jayapura, Papua"
284,Santi Arifin,santiarifin748@example.com,29,Female,"Cianjur, Jawa Barat"
285,Hendra Halim,hendrahalim201@example.com,25,Male,"Bali, Bali"
286,Siti Arifin,sitiarifin772@example.com,44,Female,"Banda Aceh, Aceh"
287,Joko Hidayat,jokohidayat295@example.com,41,Male,"Yogyakarta, Daerah Istimewa Yogyakarta"
288,Dewi Widodo,dewiwidodo477@example.com,32,Female,"Samarinda, Kalimantan Timur"
289,Kartika Hidayat,kartikahidayat624@example.com,32,Female,"Kendari, Sulawesi Tenggara"
290,Reni Arifin,reniarifin625@example.com,56,Female,"Aceh, Aceh"
291,Dewi Batubara,dewibatubara166@example.com,51,Female,"Ambon, Maluku"
292,Dewi Sujono,dewisujono346@example.com,21,Female,"Bandung, Jawa Barat"
293,Hendra Santoso,hendrasantoso679@example.com,34,Male,"Tarakan, Kalimantan Utara"
294,Lina Halim S.Pd.,linahalim876@example.com,62,Female,"Batam, Kepulauan Riau"
295,Yudi Siregar,yudisiregar748@example.com,50,Male,"Palembang, Sumatera Selatan"
296,Budi Wijaya Dra.,budiwijaya262@example.com,65,Male,"Jakarta, DKI Jakarta"
297,Sukmono Hasibuan,sukmonohasibuan327@example.com,62,Male,"Surabaya, Jawa Timur"
298,Rizki Wibowo,rizkiwibowo275@example.com,59,Male,"Mataram, Nusa Tenggara Barat"
299,Yudi Halim,yudihalim275@example.com,50,Male,"Surabaya, Jawa Timur"
300,Tono Halim,tonohalim634@example.com,57,Male,"Banjarmasin, Kalimantan Selatan"
301,Hendra Putra,hendraputra683@example.com,38,Male,"Yogyakarta, Daerah Istimewa Yogyakarta"
302,Bambang Putra,bambangputra290@example.com,26,Male,"Banda Aceh, Aceh"
303,Eka Wijaya,ekawijaya103@example.com,37,Male,"Banda Aceh, Aceh"
304,Rizki Wijaya,rizkiwijaya359@example.com,52,Male,"Kendari, Sulawesi Tenggara"
305,Bambang Wijaya,bambangwijaya745@example.com,52,Female,"Makassar, Sulawesi Selatan"
306,Maya Hidayat,mayahidayat563@example.com,35,Female,"Cianjur, Jawa Barat"
307,Joko Pratama,jokopratama764@example.com,42,Male,"Bali, Bali"
308,Rizki Putra,rizkiputra253@example.com,56,Male,"Cilegon, Banten"
309,Indah Sujono,indahsujono33@example.com,57,Female,"Malang, Jawa Timur"
310,Reni Nugroho,reninugroho859@example.com,34,Female,"Bali, Bali"
311,Kartika Sari,kartikasari121@example.com,63,Female,"Banjarmasin, Kalimantan Selatan"
312,Indah Arifin,indaharifin649@example.com,27,Female,"Malang, Jawa Timur"
313,Tomas Santoso,tomassantoso345@example.com,38,Male,"Kendari, Sulawesi Tenggara"
314,Rizki Nugroho,rizkinugroho446@example.com,63,Male,"Cirebon, Jawa Barat"
315,Sukarno Arifin Dr.,sukarnoarifin460@example.com,31,Female,"Jayapura, Papua"
316,Sukarno Wijaya,sukarnowijaya64@example.com,23,Female,"Bengkulu, Bengkulu"
317,Agus Wibowo,aguswibowo585@example.com,63,Male,"Tegal, Jawa Tengah"
318,Maya Nugroho,mayanugroho818@example.com,42,Female,"Samarinda, Kalimantan Timur"
319,Prabowo Kusuma,prabowokusuma608@example.com,43,Male,"Pekanbaru, Riau"
320,Budi Pratama,budipratama924@example.com,63,Male,"Kupang, Nusa Tenggara Timur"
321,Tomas Nasution,tomasnasution287@example.com,28,Male,"Tarakan, Kalimantan Utara"
322,Tomas Kusuma,tomaskusuma372@example.com,21,Male,"Kupang, Nusa Tenggara Timur"
323,Tono Kusuma,tonokusuma807@example.com,19,Male,"Bukittinggi, Sumatera Barat"
324,Rina Santoso,rinasantoso899@example.com,20,Female,"Semarang, Jawa Tengah"
325,Sukarno Arifin,sukarnoarifin467@example.com,64,Female,"Tanjungpinang, Kepulauan Riau"
326,Sukmono Pratama,sukmonopratama609@example.com,64,Male,"Madiun, Jawa Timur"
327,Kartika Halim Dra.,kartikahalim190@example.com,34,Female,"Pontianak, Kalimantan Barat"
328,Sukarno Widodo Ir.,sukarnowidodo713@example.com,51,Female,"Jayapura, Papua"
329,Prabowo Hidayat,prabowohidayat683@example.com,19,Male,"Bengkulu, Bengkulu"
330,Eka Kusuma,ekakusuma596@example.com,63,Male,"Jambi, Jambi"
331,Hendra Pratama,hendrapratama316@example.com,23,Male,"Tarakan, Kalimantan Utara"
332,Sukmono Sujono,sukmonosujono927@example.com,34,Male,"Bengkulu, Bengkulu"
333,Siti Arifin,sitiarifin348@example.com,52,Female,"Semarang, Jawa Tengah"
334,Rina Santoso,rinasantoso524@example.com,20,Female,"Bali, Bali"
335,Maya Wijaya,mayawijaya969@example.com,49,Female,"Manado, Sulawesi Utara"
336,Rina Halim,rinahalim457@example.com,38,Female,"Mataram, Nusa Tenggara Barat"
337,Bambang Nugroho B.Eng,bambangnugroho996@example.com,53,Female,"Bukittinggi, Sumatera Barat"
338,Budi Hidayat,budihidayat52@example.com,44,Male,"Bukittinggi, Sumatera Barat"
339,Budi Panggabean,budipanggabean432@example.com,31,Male,"Banjarmasin, Kalimantan Selatan"
340,Yudi Wibowo DVM,yudiwibowo390@example.com,54,Male,"Lhokseumawe, Aceh"
341,Sukarno Sujono,sukarnosujono582@example.com,50,Female,"Bukittinggi, Sumatera Barat"
342,Rina Sujono Ir.,rinasujono415@example.com,34,Female,"Kupang, Nusa Tenggara Timur"
343,Siti Arifin,sitiarifin861@example.com,24,Female,"Bali, Bali"
344,Reni Sari M.D.,renisari423@example.com,51,Female,"Jayapura, Papua"
345,Tono Halim,tonohalim456@example.com,23,Male,"Pontianak, Kalimantan Barat"
346,Joko Wibowo,jokowibowo918@example.com,55,Male,"Yogyakarta, Daerah Istimewa Yogyakarta"
347,Eka Santoso,ekasantoso981@example.com,44,Male,"Palembang, Sumatera Selatan"
348,Joko Putra,jokoputra160@example.com,63,Male,"Makassar, Sulawesi Selatan"
349,Tono Pratama,tonopratama230@example.com,23,Male,"Mataram, Nusa Tenggara Barat"
350,Indah Hasibuan,indahhasibuan688@example.com,27,Female,"Ambon, Maluku"
351,Reni Santoso,renisantoso358@example.com,46,Female,"Makassar, Sulawesi Selatan"
352,Bambang Wijaya,bambangwijaya207@example.com,39,Male,"Medan, Sumatera Utara"
353,Hendra Wijaya,hendrawijaya979@example.com,28,Male,"Ambon, Maluku"
354,Eka Wibowo,ekawibowo307@example.com,27,Male,"Jakarta, DKI Jakarta"
355,Kartika Kusuma,kartikakusuma993@example.com,34,Female,"Surabaya, Jawa Timur"
356,Tono Simanjuntak,tonosimanjuntak992@example.com,48,Male,"Ciputat, Banten"
357,Joko Sujono,jokosujono884@example.com,64,Male,"Makassar, Sulawesi Selatan"
358,Dewi Wijaya,dewiwijaya456@example.com,44,Female,"Kupang, Nusa Tenggara Timur"
359,Kartika Sari,kartikasari764@example.com,46,Female,"Makassar, Sulawesi Selatan"
360,Indah Sujono,indahsujono153@example.com,19,Female,"Manado, Sulawesi Utara"
361,Hendra Wibowo,hendrawibowo536@example.com,51,Male,"Makassar, Sulawesi Selatan"
362,Sukarno Sujono,sukarnosujono968@example.com,19,Female,"Tegal, Jawa Tengah"
363,Yudi Hidayat,yudihidayat422@example.com,47,Male,"Kupang, Nusa Tenggara Timur"
364,Joko Nugroho DVM,jokonugroho227@example.com,41,Male,"Ambon, Maluku"
365,Lina Hidayat,linahidayat490@example.com,22,Female,"Mataram, Nusa Tenggara Barat"
366,Bambang Widodo,bambangwidodo520@example.com,54,Female,"Madiun, Jawa Timur"
367,Tomas Wibowo,tomaswibowo658@example.com,35,Male,"Jambi, Jambi"
368,Tomas Hidayat Dr.,tomashidayat417@example.com,26,Male,"Batam, Kepulauan Riau"
369,Kartika Kusuma C.A.,kartikakusuma633@example.com,52,Female,"Bali, Bali"
370,Hendra Putra,hendraputra284@example.com,32,Male,"Balikpapan, Kalimantan Timur"
371,Agus Harahap,agusharahap232@example.com,41,Male,"Palembang, Sumatera Selatan"
372,Siti Sari,sitisari666@example.com,49,Female,"Palembang, Sumatera Selatan"
373,Rizki Kusuma,rizkikusuma998@example.com,33,Male,"Ambon, Maluku"
374,Budi Pratama,budipratama955@example.com,57,Male,"Ciputat, Banten"
375,Rina Kusuma,rinakusuma855@example.com,56,Female,"Kupang, Nusa Tenggara Timur"
376,Rina Nugroho,rinanugroho99@example.com,64,Female,"Ambon, Maluku"
377,Indah Sari,indahsari855@example.com,64,Female,"Batang, Jawa Tengah"
378,Tomas Putra,tomasputra163@example.com,27,Male,"Cirebon, Jawa Barat"
379,Bambang Nugroho DVM,bambangnugroho878@example.com,28,Male,"Makassar, Sulawesi Selatan"
380,Rizki Pratama,rizkipratama116@example.com,23,Male,"Ambon, Maluku"
381,Sukmono Kusuma,sukmonokusuma654@example.com,29,Male,"Batam, Kepulauan Riau"
382,Dewi Halim,dewihalim168@example.com,49,Female,"Batang, Jawa Tengah"
383,Eka Nugroho,ekanugroho555@example.com,19,Male,"Banda Aceh, Aceh"
384,Rina Sari,rinasari564@example.com,59,Female,"Tanjungpinang, Kepulauan Riau"
385,Budi Pratama,budipratama110@example.com,54,Male,"Banda Aceh, Aceh"
386,Maya Santoso,mayasantoso62@example.com,44,Female,"Bukittinggi, Sumatera Barat"
387,Rizki Hidayat,rizkihidayat85@example.com,64,Male,"Banda Aceh, Aceh"
388,Tasya Sujono,tasyasujono359@example.com,27,Female,"Tegal, Jawa Tengah"
389,Reni Nugroho,reninugroho41@example.com,21,Female,"Bengkulu, Bengkulu"
390,Tasya Hidayat,tasyahidayat439@example.com,61,Female,"Aceh, Aceh"
391,Agus Sujono,agussujono620@example.com,52,Male,"Yogyakarta, Daerah Istimewa Yogyakarta"
392,Hendra Nugroho,hendranugroho625@example.com,36,Male,"Cilegon, Banten"
393,Tomas Nugroho,tomasnugroho545@example.com,63,Male,"Pekanbaru, Riau"
394,Hendra Nugroho,hendranugroho107@example.com,63,Male,"Ambon, Maluku"
395,Dewi Nugroho,dewinugroho892@example.com,44,Female,"Denpasar, Bali"
396,Eka Pratama,ekapratama67@example.com,22,Male,"Bandung, Jawa Barat"
397,Tasya Halim,tasyahalim309@example.com,65,Female,"Denpasar, Bali"
398,Sukarno Hidayat,sukarnohidayat185@example.com,37,Female,"Madiun, Jawa Timur"
399,Eka Santoso,ekasantoso972@example.com,54,Male,"Jakarta, DKI Jakarta"
400,Lina Halim,linahalim363@example.com,18,Female,"Kupang, Nusa Tenggara Timur"
401,Tomas Santoso,tomassantoso587@example.com,34,Male,"Balikpapan, Kalimantan Timur"
402,Yudi Santoso,yudisantoso171@example.com,59,Male,"Gorontalo, Gorontalo"
403,Joko Wijaya,jokowijaya704@example.com,54,Male,"Bandar Lampung, Lampung"
404,Tomas Kusuma,tomaskusuma582@example.com,41,Male,"Samarinda, Kalimantan Timur"
405,Siti Sujono,sitisujono924@example.com,55,Female,"Aceh, Aceh"
406,Dewi Hidayat B.Eng,dewihidayat124@example.com,24,Female,"Bali, Bali"
407,Reni Nugroho,reninugroho855@example.com,43,Female,"Kupang, Nusa Tenggara Timur"
408,Maya Hidayat,mayahidayat540@example.com,21,Female,"Manado, Sulawesi Utara"
409,Agus Wibowo,aguswibowo361@example.com,64,Male,"Surabaya, Jawa Timur"
410,Eka Santoso,ekasantoso428@example.com,62,Male,"Bali, Bali"
411,Tasya Wijaya,tasyawijaya156@example.com,36,Female,"Pontianak, Kalimantan Barat"
412,Agus Sujono S.Pd.,agussujono720@example.com,49,Male,"Manado, Sulawesi Utara"
413,Hendra Putra,hendraputra163@example.com,42,Male,"Manado, Sulawesi Utara"
414,Agus Wijaya,aguswijaya910@example.com,32,Male,"Mataram, Nusa Tenggara Barat"
415,Reni Hidayat,renihidayat341@example.com,50,Female,"Palembang, Sumatera Selatan"
416,Hendra Sujono,hendrasujono545@example.com,63,Male,"Balikpapan, Kalimantan Timur"
417,Tasya Tampubolon,tasyatampubolon69@example.com,29,Female,"Aceh, Aceh"
418,Bambang Arifin,bambangarifin112@example.com,57,Female,"Malang, Jawa Timur"
419,Dewi Hidayat,dewihidayat622@example.com,51,Female,"Tegal, Jawa Tengah"
420,Bambang Kusuma,bambangkusuma208@example.com,25,Female,"Bali, Bali"
421,Bambang Pratama,bambangpratama330@example.com,22,Male,"Kendari, Sulawesi Tenggara"
422,Indah Wijaya,indahwijaya601@example.com,43,Female,"Yogyakarta, Daerah Istimewa Yogyakarta"
423,Yudi Kusuma,yudikusuma742@example.com,41,Male,"Yogyakarta, Daerah Istimewa Yogyakarta"
424,Tasya Sujono,tasyasujono777@example.com,63,Female,"Tegal, Jawa Tengah"
425,Agus Hidayat,agushidayat537@example.com,38,Male,"Bukittinggi, Sumatera Barat"
426,Tomas Hidayat,tomashidayat69@example.com,58,Male,"Surabaya, Jawa Timur"
427,Rina Nugroho,rinanugroho767@example.com,54,Female,"Jayapura, Papua"
428,Maya Hasibuan,mayahasibuan901@example.com,26,Female,"Ciputat, Banten"
429,Bambang Hidayat,bambanghidayat517@example.com,45,Male,"Makassar, Sulawesi Selatan"
430,Kartika Kusuma,kartikakusuma499@example.com,21,Female,"Pontianak, Kalimantan Barat"
431,Tasya Hidayat,tasyahidayat781@example.com,28,Female,"Ambon, Maluku"
432,Agus Putra,agusputra189@example.com,45,Male,"Bengkulu, Bengkulu"
433,Maya Kusuma,mayakusuma339@example.com,49,Female,"Bandung, Jawa Barat"
434,Reni Widodo,reniwidodo281@example.com,43,Female,"Samarinda, Kalimantan Timur"
435,Rizki Nugroho,rizkinugroho433@example.com,49,Male,"Malang, Jawa Timur"
436,Rina Tampubolon,rinatampubolon218@example.com,26,Female,"Lhokseumawe, Aceh"
437,Dewi Nugroho,dewinugroho388@example.com,54,Female,"Cilegon, Banten"
438,Budi Hidayat,budihidayat874@example.com,50,Male,"Cianjur, Jawa Barat"
439,Rizki Wibowo,rizkiwibowo395@example.com,59,Male,"Surabaya, Jawa Timur"
440,Tasya Santoso,tasyasantoso927@example.com,46,Female,"Malang, Jawa Timur"
441,Hendra Batubara,hendrabatubara531@example.com,51,Male,"Bali, Bali"
442,Hendra Sujono,hendrasujono349@example.com,35,Male,"Palembang, Sumatera Selatan"
443,Agus Putra,agusputra678@example.com,42,Male,"Bandung, Jawa Barat"
444,Sukmono Wijaya,sukmonowijaya967@example.com,43,Male,"Palangkaraya, Kalimantan Tengah"
445,Siti Hidayat,sitihidayat503@example.com,24,Female,"Lhokseumawe, Aceh"
446,Santi Arifin,santiarifin400@example.com,47,Female,"Cilegon, Banten"
447,Hendra Wibowo,hendrawibowo147@example.com,43,Male,"Tarakan, Kalimantan Utara"
448,Kartika Sujono,kartikasujono194@example.com,40,Female,"Jambi, Jambi"
449,Agus Putra,agusputra525@example.com,60,Male,"Jambi, Jambi"
450,Maya Nasution BCom,mayanasution235@example.com,52,Female,"Jambi, Jambi"
451,Kartika Arifin,kartikaarifin547@example.com,43,Female,"Cianjur, Jawa Barat"
452,Tasya Sari Prof.,tasyasari621@example.com,18,Female,"Banjarmasin, Kalimantan Selatan"
453,Sukmono Pratama,sukmonopratama559@example.com,47,Male,"Yogyakarta, Daerah Istimewa Yogyakarta"
454,Indah Sujono,indahsujono874@example.com,35,Female,"Jayapura, Papua"
455,Rina Widodo,rinawidodo270@example.com,34,Female,"Jakarta, DKI Jakarta"
456,Prabowo Santoso,prabowosantoso255@example.com,32,Male,"Denpasar, Bali"
457,Maya Kusuma Dra.,mayakusuma754@example.com,37,Female,"Madiun, Jawa Timur"
458,Sukarno Wijaya M.T.,sukarnowijaya10@example.com,62,Female,"Mataram, Nusa Tenggara Barat"
459,Tasya Santoso,tasyasantoso608@example.com,53,Female,"Palangkaraya, Kalimantan Tengah"
460,Prabowo Sujono,prabowosujono588@example.com,51,Male,"Tegal, Jawa Tengah"
461,Eka Wibowo,ekawibowo739@example.com,52,Male,"Semarang, Jawa Tengah"
462,Prabowo Halim,prabowohalim245@example.com,56,Male,"Palembang, Sumatera Selatan"
463,Tasya Kusuma,tasyakusuma715@example.com,57,Female,"Surabaya, Jawa Timur"
464,Tono Putra S.T.,tonoputra323@example.com,65,Male,"Gorontalo, Gorontalo"
465,Bambang Widodo,bambangwidodo785@example.com,54,Female,"Batang, Jawa Tengah"
466,Maya Widodo,mayawidodo29@example.com,46,Female,"Pontianak, Kalimantan Barat"
467,Prabowo Hidayat,prabowohidayat160@example.com,30,Male,"Manado, Sulawesi Utara"
468,Eka Kusuma,ekakusuma433@example.com,26,Male,"Yogyakarta, Daerah Istimewa Yogyakarta"
469,Sukarno Hasibuan,sukarnohasibuan863@example.com,38,Female,"Bukittinggi, Sumatera Barat"
470,Budi Halim,budihalim265@example.com,59,Male,"Yogyakarta, Daerah Istimewa Yogyakarta"
471,Joko Halim,jokohalim485@example.com,57,Male,"Madiun, Jawa Timur"
472,Bambang Wibowo,bambangwibowo563@example.com,40,Male,"Jayapura, Papua"
473,Budi Wijaya,budiwijaya432@example.com,32,Male,"Lhokseumawe, Aceh"
474,Kartika Santoso,kartikasantoso316@example.com,20,Female,"Manado, Sulawesi Utara"
475,Bambang Wibowo,bambangwibowo252@example.com,30,Male,"Banjarmasin, Kalimantan Selatan"
476,Kartika Nugroho,kartikanugroho834@example.com,47,Female,"Bukittinggi, Sumatera Barat"
477,Santi Kusuma,santikusuma521@example.com,61,Female,"Malang, Jawa Timur"
478,Rina Kusuma,rinakusuma868@example.com,25,Female,"Pekanbaru, Riau"
479,Agus Wibowo,aguswibowo472@example.com,45,Male,"Bengkulu, Bengkulu"
480,Dewi Hidayat,dewihidayat45@example.com,42,Female,"Denpasar, Bali"
481,Eka Hasibuan,ekahasibuan667@example.com,61,Male,"Malang, Jawa Timur"
482,Joko Kusuma M.T.,jokokusuma230@example.com,65,Male,"Mataram, Nusa Tenggara Barat"
483,Siti Wijaya,sitiwijaya803@example.com,18,Female,"Cianjur, Jawa Barat"
484,Santi Wijaya,santiwijaya874@example.com,33,Female,"Makassar, Sulawesi Selatan"
485,Kartika Halim,kartikahalim624@example.com,54,Female,"Bali, Bali"
486,Joko Wijaya,jokowijaya261@example.com,63,Male,"Jakarta, DKI Jakarta"
487,Reni Widodo,reniwidodo769@example.com,56,Female,"Surabaya, Jawa Timur"
488,Bambang Wibowo,bambangwibowo743@example.com,60,Male,"Madiun, Jawa Timur"
489,Agus Pratama DVM,aguspratama861@example.com,22,Male,"Tarakan, Kalimantan Utara"
490,Hendra Halim,hendrahalim777@example.com,40,Male,"Lhokseumawe, Aceh"
491,Bambang Putra,bambangputra621@example.com,20,Male,"Batang, Jawa Tengah"
492,Tono Kusuma,tonokusuma784@example.com,29,Male,"Bandung, Jawa Barat"
493,Reni Kusuma,renikusuma921@example.com,37,Female,"Lhokseumawe, Aceh"
494,Bambang Wibowo,bambangwibowo768@example.com,40,Male,"Surabaya, Jawa Timur"
495,Rizki Kusuma,rizkikusuma790@example.com,60,Male,"Pontianak, Kalimantan Barat"
496,Budi Hidayat,budihidayat201@example.com,47,Male,"Cirebon, Jawa Barat"
497,Siti Widodo,sitiwidodo627@example.com,24,Female,"Kupang, Nusa Tenggara Timur"
498,Prabowo Halim,prabowohalim635@example.com,43,Male,"Yogyakarta, Daerah Istimewa Yogyakarta"
499,Lina Sari,linasari588@example.com,49,Female,"Batang, Jawa Tengah"
500,Tomas Nugroho,tomasnugroho647@example.com,40,Male,"Ciputat, Banten"
501,Agus Wijaya,aguswijaya605@example.com,43,Male,"Mataram, Nusa Tenggara Barat"
502,Eka Wijaya,ekawijaya556@example.com,46,Male,"Tegal, Jawa Tengah"
503,Yudi Wijaya,yudiwijaya319@example.com,48,Male,"Medan, Sumatera Utara"
504,Joko Pratama,jokopratama507@example.com,27,Male,"Balikpapan, Kalimantan Timur"
505,Santi Arifin,santiarifin322@example.com,63,Female,"Jambi, Jambi"
506,Yudi Kusuma,yudikusuma691@example.com,36,Male,"Medan, Sumatera Utara"
507,Bambang Nugroho,bambangnugroho601@example.com,54,Male,"Jakarta, DKI Jakarta"
508,Sukmono Nugroho M.T.,sukmononugroho154@example.com,27,Male,"Ciputat, Banten"
509,Eka Halim,ekahalim244@example.com,24,Male,"Tarakan, Kalimantan Utara"
510,Lina Sujono,linasujono344@example.com,47,Female,"Pekanbaru, Riau"
511,Sukmono Nasution,sukmononasution230@example.com,33,Male,"Bandung, Jawa Barat"
512,Santi Hidayat,santihidayat306@example.com,61,Female,"Jakarta, DKI Jakarta"
513,Bambang Halim,bambanghalim451@example.com,39,Male,"Ambon, Maluku"
514,Siti Arifin,sitiarifin52@example.com,58,Female,"Pontianak, Kalimantan Barat"
515,Rizki Simanjuntak,rizkisimanjuntak521@example.com,19,Male,"Bengkulu, Bengkulu"
516,Sukmono Sujono,sukmonosujono897@example.com,43,Male,"Makassar, Sulawesi Selatan"
517,Rina Nugroho,rinanugroho836@example.com,46,Female,"Madiun, Jawa Timur"
518,Bambang Sujono,bambangsujono691@example.com,49,Male,"Mataram, Nusa Tenggara Barat"
519,Sukarno Sari,sukarnosari471@example.com,63,Female,"Batang, Jawa Tengah"
520,Bambang Hidayat,bambanghidayat660@example.com,27,Male,"Bukittinggi, Sumatera Barat"
521,Reni Hidayat,renihidayat378@example.com,38,Female,"Cianjur, Jawa Barat"
522,Tasya Nasution S.H.,tasyanasution952@example.com,46,Female,"Semarang, Jawa Tengah"
523,Reni Sujono,renisujono785@example.com,31,Female,"Cianjur, Jawa Barat"
524,Prabowo Pratama,prabowopratama44@example.com,31,Male,"Tegal, Jawa Tengah"
525,Hendra Hidayat,hendrahidayat526@example.com,36,Male,"Yogyakarta, Daerah Istimewa Yogyakarta"
526,Santi Widodo,santiwidodo26@example.com,58,Female,"Semarang, Jawa Tengah"
527,Dewi Sujono,dewisujono253@example.com,55,Female,"Banjarmasin, Kalimantan Selatan"
528,Tono Wijaya,tonowijaya716@example.com,65,Male,"Palembang, Sumatera Selatan"
529,Bambang Nugroho,bambangnugroho653@example.com,60,Female,"Madiun, Jawa Timur"
530,Sukmono Santoso M.T.,sukmonosantoso179@example.com,60,Male,"Tegal, Jawa Tengah"
531,Tomas Wibowo,tomaswibowo343@example.com,55,Male,"Cilegon, Banten"
532,Lina Hidayat,linahidayat420@example.com,49,Female,"Kendari, Sulawesi Tenggara"
533,Budi Nugroho,budinugroho220@example.com,60,Male,"Banda Aceh, Aceh"
534,Tasya Wijaya,tasyawijaya262@example.com,32,Female,"Tarakan, Kalimantan Utara"
535,Tono Wijaya,tonowijaya341@example.com,46,Male,"Semarang, Jawa Tengah"
536,Tasya Santoso,tasyasantoso569@example.com,58,Female,"Ambon, Maluku"
537,Lina Nugroho,linanugroho42@example.com,53,Female,"Tanjungpinang, Kepulauan Riau"
538,Agus Kusuma,aguskusuma22@example.com,60,Male,"Jayapura, Papua"
539,Tomas Kusuma,tomaskusuma735@example.com,60,Male,"Surabaya, Jawa Timur"
540,Lina Santoso,linasantoso434@example.com,30,Female,"Tarakan, Kalimantan Utara"
541,Siti Simanjuntak,sitisimanjuntak63@example.com,45,Female,"Jakarta, DKI Jakarta"
542,Budi Nugroho,budinugroho830@example.com,63,Male,"Pekanbaru, Riau"
543,Bambang Nugroho Ir.,bambangnugroho948@example.com,53,Male,"Tegal, Jawa Tengah"
544,Prabowo Halim,prabowohalim687@example.com,53,Male,"Cianjur, Jawa Barat"
545,Santi Sari,santisari388@example.com,20,Female,"Yogyakarta, Daerah Istimewa Yogyakarta"
546,Reni Sari,renisari613@example.com,58,Female,"Pontianak, Kalimantan Barat"
547,Rizki Hidayat,rizkihidayat477@example.com,29,Male,"Lhokseumawe, Aceh"
548,Hendra Putra,hendraputra794@example.com,19,Male,"Semarang, Jawa Tengah"
549,Sukarno Santoso,sukarnosantoso339@example.com,55,Female,"Surabaya, Jawa Timur"
550,Sukarno Halim,sukarnohalim307@example.com,21,Female,"Tarakan, Kalimantan Utara"
551,Hendra Hidayat,hendrahidayat112@example.com,44,Male,"Gorontalo, Gorontalo"
552,Joko Halim,jokohalim46@example.com,52,Male,"Tarakan, Kalimantan Utara"
553,Yudi Wijaya,yudiwijaya511@example.com,38,Male,"Bukittinggi, Sumatera Barat"
554,Tasya Panggabean,tasyapanggabean374@example.com,64,Female,"Denpasar, Bali"
555,Siti Widodo,sitiwidodo704@example.com,38,Female,"Malang, Jawa Timur"
556,Yudi Nugroho,yudinugroho444@example.com,44,Male,"Bandar Lampung, Lampung"
557,Yudi Sujono,yudisujono926@example.com,34,Male,"Mataram, Nusa Tenggara Barat"
558,Tono Nasution,tononasution579@example.com,51,Male,"Batang, Jawa Tengah"
559,Sukmono Sujono,sukmonosujono760@example.com,32,Male,"Samarinda, Kalimantan Timur"
560,Budi Sujono,budisujono827@example.com,52,Male,"Batam, Kepulauan Riau"
561,Indah Sujono,indahsujono267@example.com,55,Female,"Manado, Sulawesi Utara"
562,Yudi Panggabean,yudipanggabean808@example.com,32,Male,"Cilegon, Banten"
563,Maya Hidayat,mayahidayat79@example.com,54,Female,"Aceh, Aceh"
564,Tasya Kusuma,tasyakusuma203@example.com,38,Female,"Cirebon, Jawa Barat"
565,Sukarno Kusuma,sukarnokusuma575@example.com,49,Female,"Bandar Lampung, Lampung"
566,Prabowo Wibowo,prabowowibowo81@example.com,24,Male,"Gorontalo, Gorontalo"
567,Reni Hidayat,renihidayat476@example.com,50,Female,"Kupang, Nusa Tenggara Timur"
568,Prabowo Kusuma,prabowokusuma412@example.com,36,Male,"Batam, Kepulauan Riau"
569,Hendra Sujono,hendrasujono886@example.com,25,Male,"Tegal, Jawa Tengah"
570,Eka Kusuma,ekakusuma826@example.com,38,Male,"Palembang, Sumatera Selatan"
571,Rizki Santoso,rizkisantoso473@example.com,29,Male,"Batang, Jawa Tengah"
572,Eka Wijaya M.Pd.,ekawijaya849@example.com,40,Male,"Medan, Sumatera Utara"
573,Hendra Wijaya,hendrawijaya260@example.com,23,Male,"Bukittinggi, Sumatera Barat"
574,Agus Santoso,agussantoso527@example.com,57,Male,"Cirebon, Jawa Barat"
575,Lina Santoso,linasantoso892@example.com,60,Female,"Bandung, Jawa Barat"
576,Tono Hidayat,tonohidayat231@example.com,37,Male,"Palembang, Sumatera Selatan"
577,Rizki Pratama,rizkipratama745@example.com,47,Male,"Batam, Kepulauan Riau"
578,Maya Widodo,mayawidodo900@example.com,57,Female,"Kendari, Sulawesi Tenggara"
579,Yudi Wibowo,yudiwibowo184@example.com,29,Male,"Batam, Kepulauan Riau"
580,Bambang Halim,bambanghalim562@example.com,33,Female,"Tegal, Jawa Tengah"
581,Budi Harahap,budiharahap886@example.com,47,Male,"Makassar, Sulawesi Selatan"
582,Tomas Siregar,tomassiregar499@example.com,48,Male,"Ambon, Maluku"
583,Yudi Wibowo M.A.,yudiwibowo760@example.com,19,Male,"Samarinda, Kalimantan Timur"
584,Rina Sari M.Pd.,rinasari54@example.com,33,Female,"Kendari, Sulawesi Tenggara"
585,Tasya Sari,tasyasari944@example.com,46,Female,"Bandar Lampung, Lampung"
586,Kartika Santoso,kartikasantoso78@example.com,24,Female,"Batam, Kepulauan Riau"
587,Rizki Nugroho,rizkinugroho180@example.com,19,Male,"Aceh, Aceh"
588,Tasya Simanjuntak,tasyasimanjuntak794@example.com,48,Female,"Banda Aceh, Aceh"
589,Budi Hidayat,budihidayat284@example.com,29,Male,"Makassar, Sulawesi Selatan"
590,Kartika Sujono,kartikasujono84@example.com,32,Female,"Bengkulu, Bengkulu"
591,Hendra Nugroho,hendranugroho987@example.com,20,Male,"Tanjungpinang, Kepulauan Riau"
592,Tomas Halim,tomashalim312@example.com,34,Male,"Mataram, Nusa Tenggara Barat"
593,Tasya Sari,tasyasari41@example.com,42,Female,"Denpasar, Bali"
594,Tono Putra,tonoputra108@example.com,26,Male,"Kupang, Nusa Tenggara Timur"
595,Kartika Santoso M.A.,kartikasantoso450@example.com,50,Female,"Tanjungpinang, Kepulauan Riau"
596,Reni Arifin,reniarifin908@example.com,34,Female,"Makassar, Sulawesi Selatan"
597,Budi Sujono,budisujono101@example.com,29,Male,"Yogyakarta, Daerah Istimewa Yogyakarta"
598,Tomas Nugroho Dr.,tomasnugroho686@example.com,31,Male,"Madiun, Jawa Timur"
599,Tomas Wibowo,tomaswibowo715@example.com,58,Male,"Semarang, Jawa Tengah"
600,Tono Batubara,tonobatubara408@example.com,33,Male,"Malang, Jawa Timur"
601,Agus Batubara,agusbatubara556@example.com,18,Male,"Banda Aceh, Aceh"
602,Rina Santoso,rinasantoso579@example.com,65,Female,"Malang, Jawa Timur"
603,Rina Tampubolon,rinatampubolon49@example.com,35,Female,"Semarang, Jawa Tengah"
604,Prabowo Wijaya,prabowowijaya831@example.com,45,Male,"Palembang, Sumatera Selatan"
605,Maya Batubara,mayabatubara840@example.com,48,Female,"Manado, Sulawesi Utara"
606,Tono Halim,tonohalim689@example.com,19,Male,"Jayapura, Papua"
607,Siti Kusuma B.Eng,sitikusuma686@example.com,36,Female,"Jayapura, Papua"
608,Lina Kusuma B.A.,linakusuma982@example.com,43,Female,"Pekanbaru, Riau"
609,Sukarno Halim,sukarnohalim427@example.com,37,Female,"Pekanbaru, Riau"
610,Agus Sujono,agussujono934@example.com,43,Male,"Kupang, Nusa Tenggara Timur"
611,Tomas Hidayat,tomashidayat94@example.com,48,Male,"Pontianak, Kalimantan Barat"
612,Sukmono Santoso BCom,sukmonosantoso964@example.com,59,Male,"Cilegon, Banten"
613,Dewi Kusuma,dewikusuma723@example.com,28,Female,"Lhokseumawe, Aceh"
614,Yudi Halim,yudihalim209@example.com,42,Male,"Jambi, Jambi"
615,Prabowo Halim,prabowohalim427@example.com,55,Male,"Batam, Kepulauan Riau"
616,Agus Putra,agusputra337@example.com,28,Male,"Cirebon, Jawa Barat"
617,Kartika Arifin,kartikaarifin488@example.com,59,Female,"Makassar, Sulawesi Selatan"
618,Rina Nugroho,rinanugroho320@example.com,28,Female,"Pontianak, Kalimantan Barat"
619,Rina Arifin,rinaarifin867@example.com,28,Female,"Batang, Jawa Tengah"
620,Siti Arifin,sitiarifin1@example.com,49,Female,"Semarang, Jawa Tengah"
621,Lina Arifin,linaarifin158@example.com,56,Female,"Cianjur, Jawa Barat"
622,Reni Sujono,renisujono4@example.com,20,Female,"Bandar Lampung, Lampung"
623,Bambang Nugroho,bambangnugroho569@example.com,54,Female,"Cirebon, Jawa Barat"
624,Prabowo Sujono,prabowosujono857@example.com,36,Male,"Mataram, Nusa Tenggara Barat"
625,Budi Sujono,budisujono957@example.com,52,Male,"Ciputat, Banten"
626,Tono Santoso,tonosantoso368@example.com,47,Male,"Bandar Lampung, Lampung"
627,Tasya Halim S.H.,tasyahalim85@example.com,55,Female,"Jambi, Jambi"
628,Tasya Sujono,tasyasujono588@example.com,42,Female,"Yogyakarta, Daerah Istimewa Yogyakarta"
629,Rina Nasution,rinanasution894@example.com,18,Female,"Jakarta, DKI Jakarta"
630,Bambang Sujono,bambangsujono570@example.com,48,Female,"Medan, Sumatera Utara"
631,Tomas Kusuma,tomaskusuma962@example.com,34,Male,"Manado, Sulawesi Utara"
632,Reni Hidayat,renihidayat636@example.com,65,Female,"Kendari, Sulawesi Tenggara"
633,Sukmono Hidayat,sukmonohidayat754@example.com,65,Male,"Mataram, Nusa Tenggara Barat"
634,Bambang Kusuma,bambangkusuma246@example.com,62,Male,"Gorontalo, Gorontalo"
635,Eka Halim,ekahalim98@example.com,63,Male,"Yogyakarta, Daerah Istimewa Yogyakarta"
636,Agus Halim,agushalim548@example.com,46,Male,"Jakarta, DKI Jakarta"
637,Eka Simanjuntak,ekasimanjuntak316@example.com,42,Male,"Makassar, Sulawesi Selatan"
638,Reni Halim,renihalim732@example.com,38,Female,"Makassar, Sulawesi Selatan"
639,Sukarno Nugroho,sukarnonugroho133@example.com,19,Female,"Tegal, Jawa Tengah"
640,Budi Nugroho Dra.,budinugroho717@example.com,29,Male,"Gorontalo, Gorontalo"
641,Sukmono Wibowo,sukmonowibowo593@example.com,37,Male,"Bandung, Jawa Barat"
642,Hendra Pratama,hendrapratama652@example.com,21,Male,"Lhokseumawe, Aceh"
643,Bambang Nugroho,bambangnugroho36@example.com,29,Female,"Balikpapan, Kalimantan Timur"
644,Maya Arifin,mayaarifin764@example.com,51,Female,"Semarang, Jawa Tengah"
645,Sukmono Wibowo,sukmonowibowo66@example.com,52,Male,"Bandar Lampung, Lampung"
646,Reni Santoso,renisantoso425@example.com,23,Female,"Semarang, Jawa Tengah"
647,Tono Nugroho,tononugroho877@example.com,42,Male,"Balikpapan, Kalimantan Timur"
648,Indah Wijaya,indahwijaya377@example.com,39,Female,"Manado, Sulawesi Utara"
649,Bambang Wijaya,bambangwijaya178@example.com,63,Female,"Mataram, Nusa Tenggara Barat"
650,Lina Nugroho,linanugroho307@example.com,22,Female,"Bandar Lampung, Lampung"
651,Indah Hidayat,indahhidayat852@example.com,49,Female,"Palangkaraya, Kalimantan Tengah"
652,Indah Widodo,indahwidodo539@example.com,33,Female,"Tegal, Jawa Tengah"
653,Dewi Sari,dewisari322@example.com,27,Female,"Tanjungpinang, Kepulauan Riau"
654,Indah Panggabean,indahpanggabean484@example.com,37,Female,"Denpasar, Bali"
655,Reni Santoso,renisantoso516@example.com,50,Female,"Balikpapan, Kalimantan Timur"
656,Kartika Arifin,kartikaarifin970@example.com,40,Female,"Bengkulu, Bengkulu"
657,Kartika Widodo,kartikawidodo479@example.com,43,Female,"Tarakan, Kalimantan Utara"
658,Lina Widodo,linawidodo932@example.com,29,Female,"Lhokseumawe, Aceh"
659,Budi Sujono,budisujono816@example.com,56,Male,"Banda Aceh, Aceh"
660,Indah Nugroho,indahnugroho704@example.com,37,Female,"Mataram, Nusa Tenggara Barat"
661,Lina Nugroho,linanugroho930@example.com,40,Female,"Malang, Jawa Timur"
662,Eka Nugroho,ekanugroho78@example.com,45,Male,"Ciputat, Banten"
663,Tomas Sujono,tomassujono19@example.com,64,Male,"Bandar Lampung, Lampung"
664,Joko Nugroho,jokonugroho218@example.com,46,Male,"Cirebon, Jawa Barat"
665,Indah Batubara,indahbatubara945@example.com,56,Female,"Tanjungpinang, Kepulauan Riau"
666,Santi Nugroho,santinugroho518@example.com,35,Female,"Balikpapan, Kalimantan Timur"
667,Eka Putra,ekaputra394@example.com,60,Male,"Kendari, Sulawesi Tenggara"
668,Sukarno Sujono S.T.,sukarnosujono489@example.com,27,Female,"Kupang, Nusa Tenggara Timur"
669,Rina Halim,rinahalim593@example.com,64,Female,"Manado, Sulawesi Utara"
670,Bambang Hidayat,bambanghidayat145@example.com,24,Male,"Batang, Jawa Tengah"
671,Budi Sujono,budisujono686@example.com,55,Male,"Pekanbaru, Riau"
672,Tomas Wibowo,tomaswibowo341@example.com,27,Male,"Bukittinggi, Sumatera Barat"
673,Tono Wijaya,tonowijaya551@example.com,23,Male,"Bengkulu, Bengkulu"
674,Joko Nugroho,jokonugroho958@example.com,46,Male,"Gorontalo, Gorontalo"
675,Reni Hidayat,renihidayat342@example.com,45,Female,"Yogyakarta, Daerah Istimewa Yogyakarta"
676,Bambang Wibowo,bambangwibowo929@example.com,49,Male,"Malang, Jawa Timur"
677,Dewi Hidayat S.Pd.,dewihidayat358@example.com,54,Female,"Tanjungpinang, Kepulauan Riau"
678,Tomas Sujono,tomassujono821@example.com,20,Male,"Aceh, Aceh"
679,Budi Pratama,budipratama7@example.com,65,Male,"Madiun, Jawa Timur"
680,Sukmono Wijaya,sukmonowijaya708@example.com,40,Male,"Batang, Jawa Tengah"
681,Siti Wijaya,sitiwijaya723@example.com,39,Female,"Bengkulu, Bengkulu"
682,Tasya Halim,tasyahalim251@example.com,55,Female,"Jambi, Jambi"
683,Yudi Hidayat,yudihidayat400@example.com,22,Male,"Ciputat, Banten"
684,Tomas Santoso,tomassantoso591@example.com,36,Male,"Cianjur, Jawa Barat"
685,Santi Kusuma B.Eng,santikusuma837@example.com,39,Female,"Bandung, Jawa Barat"
686,Maya Sari,mayasari203@example.com,57,Female,"Aceh, Aceh"
687,Santi Wijaya,santiwijaya651@example.com,24,Female,"Kupang, Nusa Tenggara Timur"
688,Tomas Kusuma,tomaskusuma4@example.com,42,Male,"Jakarta, DKI Jakarta"
689,Kartika Halim,kartikahalim993@example.com,60,Female,"Kendari, Sulawesi Tenggara"
690,Tono Simanjuntak BCom,tonosimanjuntak31@example.com,47,Male,"Tanjungpinang, Kepulauan Riau"
691,Santi Kusuma,santikusuma276@example.com,58,Female,"Tanjungpinang, Kepulauan Riau"
692,Hendra Wijaya Dra.,hendrawijaya800@example.com,56,Male,"Cilegon, Banten"
693,Rina Panggabean,rinapanggabean399@example.com,22,Female,"Lhokseumawe, Aceh"
694,Rina Kusuma,rinakusuma841@example.com,56,Female,"Batang, Jawa Tengah"
695,Tomas Wibowo,tomaswibowo952@example.com,21,Male,"Bandung, Jawa Barat"
696,Tasya Wijaya,tasyawijaya436@example.com,44,Female,"Bali, Bali"
697,Bambang Putra S.Pd.,bambangputra108@example.com,48,Male,"Tegal, Jawa Tengah"
698,Tasya Wijaya,tasyawijaya622@example.com,60,Female,"Kendari, Sulawesi Tenggara"
699,Dewi Widodo,dewiwidodo380@example.com,45,Female,"Batam, Kepulauan Riau"
700,Sukarno Wijaya S.T.,sukarnowijaya50@example.com,36,Female,"Bandar Lampung, Lampung"
701,Maya Simanjuntak,mayasimanjuntak850@example.com,36,Female,"Bengkulu, Bengkulu"
702,Sukmono Kusuma,sukmonokusuma184@example.com,42,Male,"Madiun, Jawa Timur"
703,Prabowo Kusuma,prabowokusuma52@example.com,39,Male,"Pontianak, Kalimantan Barat"
704,Hendra Pratama,hendrapratama596@example.com,38,Male,"Bengkulu, Bengkulu"
705,Rizki Simanjuntak,rizkisimanjuntak682@example.com,27,Male,"Yogyakarta, Daerah Istimewa Yogyakarta"
706,Agus Hidayat,agushidayat249@example.com,24,Male,"Kendari, Sulawesi Tenggara"
707,Rina Santoso BCom,rinasantoso156@example.com,49,Female,"Pekanbaru, Riau"
708,Sukarno Arifin,sukarnoarifin588@example.com,53,Female,"Bengkulu, Bengkulu"
709,Tono Santoso,tonosantoso508@example.com,50,Male,"Kupang, Nusa Tenggara Timur"
710,Tomas Sujono S.H.,tomassujono489@example.com,51,Male,"Banjarmasin, Kalimantan Selatan"
711,Sukarno Halim,sukarnohalim801@example.com,39,Female,"Surabaya, Jawa Timur"
712,Bambang Wibowo,bambangwibowo15@example.com,26,Male,"Cilegon, Banten"
713,Eka Nugroho,ekanugroho850@example.com,25,Male,"Malang, Jawa Timur"
714,Bambang Kusuma M.D.,bambangkusuma962@example.com,20,Female,"Jayapura, Papua"
715,Sukmono Santoso,sukmonosantoso326@example.com,22,Male,"Malang, Jawa Timur"
716,Yudi Santoso,yudisantoso291@example.com,44,Male,"Denpasar, Bali"
717,Tono Halim,tonohalim495@example.com,24,Male,"Jakarta, DKI Jakarta"
718,Hendra Putra,hendraputra777@example.com,50,Male,"Bandar Lampung, Lampung"
719,Bambang Sari,bambangsari709@example.com,25,Female,"Kupang, Nusa Tenggara Timur"
720,Sukmono Wibowo,sukmonowibowo898@example.com,33,Male,"Tegal, Jawa Tengah"
721,Yudi Sujono,yudisujono172@example.com,48,Male,"Madiun, Jawa Timur"
722,Santi Wijaya,santiwijaya534@example.com,42,Female,"Cirebon, Jawa Barat"
723,Kartika Kusuma,kartikakusuma779@example.com,57,Female,"Tarakan, Kalimantan Utara"
724,Yudi Wijaya,yudiwijaya602@example.com,26,Male,"Batang, Jawa Tengah"
725,Tomas Santoso,tomassantoso900@example.com,27,Male,"Cilegon, Banten"
726,Lina Sujono M.T.,linasujono984@example.com,45,Female,"Ambon, Maluku"
727,Reni Arifin,reniarifin188@example.com,56,Female,"Banjarmasin, Kalimantan Selatan"
728,Bambang Arifin,bambangarifin670@example.com,58,Female,"Mataram, Nusa Tenggara Barat"
729,Agus Simanjuntak,agussimanjuntak363@example.com,27,Male,"Tarakan, Kalimantan Utara"
730,Santi Hidayat,santihidayat308@example.com,64,Female,"Bengkulu, Bengkulu"
731,Yudi Hasibuan,yudihasibuan532@example.com,55,Male,"Pontianak, Kalimantan Barat"
732,Santi Widodo,santiwidodo26@example.com,48,Female,"Bali, Bali"
733,Dewi Halim,dewihalim665@example.com,19,Female,"Cirebon, Jawa Barat"
734,Prabowo Nugroho,prabowonugroho234@example.com,39,Male,"Batam, Kepulauan Riau"
735,Eka Santoso,ekasantoso802@example.com,52,Male,"Ambon, Maluku"
736,Agus Pratama,aguspratama345@example.com,55,Male,"Tarakan, Kalimantan Utara"
737,Kartika Kusuma,kartikakusuma380@example.com,37,Female,"Cirebon, Jawa Barat"
738,Rizki Wijaya,rizkiwijaya977@example.com,51,Male,"Palembang, Sumatera Selatan"
739,Santi Kusuma,santikusuma218@example.com,50,Female,"Mataram, Nusa Tenggara Barat"
740,Maya Wijaya,mayawijaya209@example.com,31,Female,"Surabaya, Jawa Timur"
741,Kartika Sari,kartikasari337@example.com,49,Female,"Samarinda, Kalimantan Timur"
742,Rina Santoso,rinasantoso767@example.com,48,Female,"Cilegon, Banten"
743,Sukarno Widodo,sukarnowidodo77@example.com,48,Female,"Jambi, Jambi"
744,Sukmono Wibowo,sukmonowibowo676@example.com,46,Male,"Bukittinggi, Sumatera Barat"
745,Prabowo Halim,prabowohalim736@example.com,26,Male,"Tanjungpinang, Kepulauan Riau"
746,Tomas Kusuma,tomaskusuma683@example.com,30,Male,"Batam, Kepulauan Riau"
747,Rizki Nugroho,rizkinugroho227@example.com,53,Male,"Jakarta, DKI Jakarta"
748,Joko Wijaya,jokowijaya18@example.com,58,Male,"Surabaya, Jawa Timur"
749,Rizki Halim,rizkihalim138@example.com,44,Male,"Ciputat, Banten"
750,Indah Sujono,indahsujono241@example.com,22,Female,"Semarang, Jawa Tengah"
751,Bambang Kusuma,bambangkusuma465@example.com,51,Female,"Madiun, Jawa Timur"
752,Sukarno Widodo,sukarnowidodo791@example.com,54,Female,"Gorontalo, Gorontalo"
753,Sukmono Putra,sukmonoputra637@example.com,19,Male,"Samarinda, Kalimantan Timur"
754,Reni Arifin,reniarifin926@example.com,51,Female,"Bukittinggi, Sumatera Barat"
755,Maya Santoso,mayasantoso140@example.com,39,Female,"Bukittinggi, Sumatera Barat"
756,Santi Halim,santihalim125@example.com,57,Female,"Tarakan, Kalimantan Utara"
757,Sukmono Nugroho,sukmononugroho326@example.com,51,Male,"Banjarmasin, Kalimantan Selatan"
758,Siti Halim,sitihalim314@example.com,21,Female,"Ciputat, Banten"
759,Santi Sari,santisari586@example.com,59,Female,"Malang, Jawa Timur"
760,Rina Nugroho M.T.,rinanugroho239@example.com,38,Female,"Samarinda, Kalimantan Timur"
761,Maya Sujono,mayasujono531@example.com,32,Female,"Bandung, Jawa Barat"
762,Lina Sari,linasari505@example.com,39,Female,"Cirebon, Jawa Barat"
763,Tomas Pratama,tomaspratama455@example.com,39,Male,"Cilegon, Banten"
764,Tomas Wijaya,tomaswijaya291@example.com,46,Male,"Batam, Kepulauan Riau"
765,Prabowo Hidayat,prabowohidayat108@example.com,60,Male,"Palangkaraya, Kalimantan Tengah"
766,Tomas Hidayat Prof.,tomashidayat82@example.com,22,Male,"Tanjungpinang, Kepulauan Riau"
767,Joko Putra,jokoputra311@example.com,34,Male,"Medan, Sumatera Utara"
768,Kartika Wijaya,kartikawijaya871@example.com,20,Female,"Kupang, Nusa Tenggara Timur"
769,Rizki Hidayat,rizkihidayat948@example.com,40,Male,"Samarinda, Kalimantan Timur"
770,Bambang Wibowo,bambangwibowo61@example.com,21,Male,"Batam, Kepulauan Riau"
771,Sukarno Nugroho,sukarnonugroho977@example.com,45,Female,"Balikpapan, Kalimantan Timur"
772,Siti Sujono,sitisujono877@example.com,44,Female,"Cirebon, Jawa Barat"
773,Budi Sujono,budisujono893@example.com,59,Male,"Pontianak, Kalimantan Barat"
774,Prabowo Halim,prabowohalim78@example.com,27,Male,"Palangkaraya, Kalimantan Tengah"
775,Tono Wibowo,tonowibowo348@example.com,26,Male,"Gorontalo, Gorontalo"
776,Rizki Wibowo S.Pd.,rizkiwibowo901@example.com,52,Male,"Tarakan, Kalimantan Utara"
777,Siti Hidayat Dr.,sitihidayat483@example.com,45,Female,"Manado, Sulawesi Utara"
778,Sukarno Arifin,sukarnoarifin390@example.com,43,Female,"Jayapura, Papua"
779,Santi Wijaya,santiwijaya335@example.com,56,Female,"Pekanbaru, Riau"
780,Tomas Pratama,tomaspratama492@example.com,32,Male,"Balikpapan, Kalimantan Timur"
781,Santi Sari,santisari467@example.com,49,Female,"Bali, Bali"
782,Bambang Halim,bambanghalim946@example.com,35,Male,"Kendari, Sulawesi Tenggara"
783,Tomas Sujono,tomassujono262@example.com,34,Male,"Bukittinggi, Sumatera Barat"
784,Santi Sujono,santisujono862@example.com,24,Female,"Batang, Jawa Tengah"
785,Siti Sujono,sitisujono657@example.com,35,Female,"Aceh, Aceh"
786,Tasya Halim,tasyahalim558@example.com,60,Female,"Bandar Lampung, Lampung"
787,Tomas Santoso,tomassantoso124@example.com,20,Male,"Surabaya, Jawa Timur"
788,Rina Sujono,rinasujono806@example.com,59,Female,"Batang, Jawa Tengah"
789,Joko Nugroho Dra.,jokonugroho915@example.com,59,Male,"Semarang, Jawa Tengah"
790,Siti Kusuma,sitikusuma634@example.com,56,Female,"Samarinda, Kalimantan Timur"
791,Hendra Kusuma,hendrakusuma629@example.com,53,Male,"Malang, Jawa Timur"
792,Budi Santoso,budisantoso836@example.com,65,Male,"Tegal, Jawa Tengah"
793,Siti Wijaya,sitiwijaya621@example.com,34,Female,"Jakarta, DKI Jakarta"
794,Siti Hidayat M.Pd.,sitihidayat57@example.com,55,Female,"Bukittinggi, Sumatera Barat"
795,Santi Sujono,santisujono40@example.com,39,Female,"Medan, Sumatera Utara"
796,Budi Pratama,budipratama368@example.com,64,Male,"Palangkaraya, Kalimantan Tengah"
797,Bambang Sari,bambangsari523@example.com,63,Female,"Bukittinggi, Sumatera Barat"
798,Santi Wijaya,santiwijaya100@example.com,53,Female,"Lhokseumawe, Aceh"
799,Tono Wibowo,tonowibowo257@example.com,19,Male,"Palangkaraya, Kalimantan Tengah"
800,Sukmono Hidayat,sukmonohidayat400@example.com,44,Male,"Aceh, Aceh"
801,Tomas Hidayat,tomashidayat607@example.com,55,Male,"Lhokseumawe, Aceh"
802,Rina Wijaya,rinawijaya389@example.com,32,Female,"Bukittinggi, Sumatera Barat"
803,Bambang Halim S.Pd.,bambanghalim284@example.com,23,Male,"Palembang, Sumatera Selatan"
804,Reni Halim C.A.,renihalim608@example.com,26,Female,"Ambon, Maluku"
805,Prabowo Kusuma,prabowokusuma947@example.com,35,Male,"Bandung, Jawa Barat"
806,Sukarno Kusuma,sukarnokusuma525@example.com,64,Female,"Banjarmasin, Kalimantan Selatan"
807,Yudi Wijaya,yudiwijaya983@example.com,23,Male,"Surabaya, Jawa Timur"
808,Hendra Halim M.A.,hendrahalim635@example.com,45,Male,"Banjarmasin, Kalimantan Selatan"
809,Maya Santoso,mayasantoso85@example.com,53,Female,"Bali, Bali"
810,Eka Hidayat,ekahidayat926@example.com,46,Male,"Cilegon, Banten"
811,Sukmono Hidayat,sukmonohidayat215@example.com,20,Male,"Madiun, Jawa Timur"
812,Dewi Arifin,dewiarifin394@example.com,33,Female,"Medan, Sumatera Utara"
813,Sukarno Hasibuan,sukarnohasibuan142@example.com,32,Female,"Madiun, Jawa Timur"
814,Tono Sujono,tonosujono521@example.com,47,Male,"Cirebon, Jawa Barat"
815,Agus Pratama,aguspratama60@example.com,19,Male,"Surabaya, Jawa Timur"
816,Hendra Pratama,hendrapratama841@example.com,56,Male,"Pekanbaru, Riau"
817,Maya Nugroho,mayanugroho368@example.com,58,Female,"Bali, Bali"
818,Reni Santoso,renisantoso402@example.com,63,Female,"Banda Aceh, Aceh"
819,Budi Tampubolon,buditampubolon845@example.com,46,Male,"Bali, Bali"
820,Bambang Harahap,bambangharahap433@example.com,23,Female,"Pontianak, Kalimantan Barat"
821,Sukmono Sujono,sukmonosujono876@example.com,33,Male,"Cilegon, Banten"
822,Prabowo Wijaya,prabowowijaya15@example.com,31,Male,"Aceh, Aceh"
823,Lina Kusuma,linakusuma679@example.com,39,Female,"Bukittinggi, Sumatera Barat"
824,Prabowo Nugroho,prabowonugroho106@example.com,51,Male,"Madiun, Jawa Timur"
825,Hendra Halim,hendrahalim995@example.com,26,Male,"Jakarta, DKI Jakarta"
826,Rizki Hidayat C.A.,rizkihidayat418@example.com,59,Male,"Tegal, Jawa Tengah"
827,Budi Tampubolon,buditampubolon742@example.com,30,Male,"Pekanbaru, Riau"
828,Rizki Putra,rizkiputra297@example.com,44,Male,"Pekanbaru, Riau"
829,Indah Widodo,indahwidodo16@example.com,36,Female,"Makassar, Sulawesi Selatan"
830,Bambang Sujono,bambangsujono537@example.com,47,Male,"Palembang, Sumatera Selatan"
831,Lina Nugroho,linanugroho279@example.com,43,Female,"Tanjungpinang, Kepulauan Riau"
832,Siti Hidayat,sitihidayat985@example.com,43,Female,"Jambi, Jambi"
833,Reni Santoso,renisantoso740@example.com,26,Female,"Palangkaraya, Kalimantan Tengah"
834,Rina Nasution,rinanasution356@example.com,33,Female,"Mataram, Nusa Tenggara Barat"
835,Sukarno Kusuma,sukarnokusuma523@example.com,56,Female,"Palangkaraya, Kalimantan Tengah"
836,Bambang Nugroho,bambangnugroho291@example.com,37,Male,"Banda Aceh, Aceh"
837,Reni Sari,renisari838@example.com,29,Female,"Manado, Sulawesi Utara"
838,Budi Wijaya,budiwijaya453@example.com,43,Male,"Balikpapan, Kalimantan Timur"
839,Hendra Halim,hendrahalim885@example.com,59,Male,"Gorontalo, Gorontalo"
840,Tono Batubara,tonobatubara747@example.com,31,Male,"Aceh, Aceh"
841,Indah Arifin,indaharifin128@example.com,43,Female,"Palembang, Sumatera Selatan"
842,Bambang Hidayat,bambanghidayat419@example.com,62,Female,"Cianjur, Jawa Barat"
843,Yudi Putra,yudiputra622@example.com,47,Male,"Medan, Sumatera Utara"
844,Hendra Halim B.Sc.,hendrahalim576@example.com,39,Male,"Bukittinggi, Sumatera Barat"
845,Siti Arifin,sitiarifin140@example.com,44,Female,"Cianjur, Jawa Barat"
846,Tasya Wijaya,tasyawijaya43@example.com,54,Female,"Madiun, Jawa Timur"
847,Sukmono Hidayat,sukmonohidayat345@example.com,45,Male,"Mataram, Nusa Tenggara Barat"
848,Sukarno Kusuma,sukarnokusuma486@example.com,18,Female,"Ambon, Maluku"
849,Bambang Harahap,bambangharahap515@example.com,55,Female,"Palangkaraya, Kalimantan Tengah"
850,Reni Batubara,renibatubara668@example.com,65,Female,"Bengkulu, Bengkulu"
851,Bambang Wijaya Ir.,bambangwijaya347@example.com,38,Male,"Lhokseumawe, Aceh"
852,Lina Widodo,linawidodo229@example.com,37,Female,"Bukittinggi, Sumatera Barat"
853,Hendra Hidayat,hendrahidayat462@example.com,56,Male,"Malang, Jawa Timur"
854,Lina Nasution,linanasution493@example.com,38,Female,"Aceh, Aceh"
855,Eka Pratama,ekapratama645@example.com,35,Male,"Surabaya, Jawa Timur"
856,Kartika Sari,kartikasari42@example.com,48,Female,"Madiun, Jawa Timur"
857,Tono Sujono,tonosujono416@example.com,63,Male,"Aceh, Aceh"
858,Prabowo Hidayat,prabowohidayat904@example.com,19,Male,"Semarang, Jawa Tengah"
859,Sukmono Batubara,sukmonobatubara123@example.com,49,Male,"Balikpapan, Kalimantan Timur"
860,Dewi Widodo,dewiwidodo521@example.com,27,Female,"Palangkaraya, Kalimantan Tengah"
861,Rizki Santoso,rizkisantoso164@example.com,45,Male,"Makassar, Sulawesi Selatan"
862,Maya Nugroho,mayanugroho858@example.com,35,Female,"Lhokseumawe, Aceh"
863,Budi Wibowo,budiwibowo578@example.com,42,Male,"Palembang, Sumatera Selatan"
864,Lina Halim,linahalim340@example.com,54,Female,"Medan, Sumatera Utara"
865,Sukarno Simanjuntak,sukarnosimanjuntak400@example.com,43,Female,"Makassar, Sulawesi Selatan"
866,Indah Wijaya,indahwijaya43@example.com,27,Female,"Bandung, Jawa Barat"
867,Rizki Simanjuntak,rizkisimanjuntak978@example.com,28,Male,"Bandar Lampung, Lampung"
868,Santi Wijaya,santiwijaya987@example.com,32,Female,"Ciputat, Banten"
869,Lina Halim,linahalim622@example.com,46,Female,"Lhokseumawe, Aceh"
870,Rina Nugroho B.A.,rinanugroho697@example.com,31,Female,"Bali, Bali"
871,Tono Sujono,tonosujono820@example.com,31,Male,"Malang, Jawa Timur"
872,Sukmono Siregar,sukmonosiregar185@example.com,55,Male,"Surabaya, Jawa Timur"
873,Eka Nugroho,ekanugroho887@example.com,19,Male,"Malang, Jawa Timur"
874,Sukmono Santoso,sukmonosantoso758@example.com,40,Male,"Bukittinggi, Sumatera Barat"
875,Agus Pratama,aguspratama89@example.com,24,Male,"Denpasar, Bali"
876,Santi Widodo,santiwidodo954@example.com,55,Female,"Madiun, Jawa Timur"
877,Reni Nugroho,reninugroho889@example.com,48,Female,"Tegal, Jawa Tengah"
878,Lina Widodo Ir.,linawidodo304@example.com,28,Female,"Palembang, Sumatera Selatan"
879,Prabowo Halim,prabowohalim64@example.com,51,Male,"Surabaya, Jawa Timur"
880,Budi Putra,budiputra518@example.com,29,Male,"Cilegon, Banten"
881,Agus Pratama,aguspratama168@example.com,35,Male,"Kendari, Sulawesi Tenggara"
882,Budi Santoso,budisantoso783@example.com,37,Male,"Medan, Sumatera Utara"
883,Tasya Halim,tasyahalim212@example.com,53,Female,"Samarinda, Kalimantan Timur"
884,Dewi Kusuma,dewikusuma944@example.com,53,Female,"Bandar Lampung, Lampung"
885,Reni Halim,renihalim986@example.com,53,Female,"Palembang, Sumatera Selatan"
886,Yudi Pratama,yudipratama565@example.com,42,Male,"Cianjur, Jawa Barat"
887,Eka Halim,ekahalim903@example.com,41,Male,"Balikpapan, Kalimantan Timur"
888,Maya Wijaya,mayawijaya736@example.com,55,Female,"Surabaya, Jawa Timur"
889,Eka Wibowo,ekawibowo356@example.com,50,Male,"Madiun, Jawa Timur"
890,Tasya Sujono,tasyasujono30@example.com,48,Female,"Palangkaraya, Kalimantan Tengah"
891,Joko Siregar,jokosiregar485@example.com,35,Male,"Palembang, Sumatera Selatan"
892,Joko Santoso,jokosantoso724@example.com,37,Male,"Mataram, Nusa Tenggara Barat"
893,Tasya Nugroho,tasyanugroho371@example.com,45,Female,"Jambi, Jambi"
894,Tono Nugroho M.Pd.,tononugroho419@example.com,50,Male,"Cilegon, Banten"
895,Budi Putra M.D.,budiputra345@example.com,32,Male,"Batang, Jawa Tengah"
896,Indah Sari,indahsari273@example.com,21,Female,"Malang, Jawa Timur"
897,Sukarno Halim Dra.,sukarnohalim830@example.com,35,Female,"Cirebon, Jawa Barat"
898,Bambang Wijaya,bambangwijaya852@example.com,32,Female,"Mataram, Nusa Tenggara Barat"
899,Lina Nasution,linanasution12@example.com,37,Female,"Makassar, Sulawesi Selatan"
900,Eka Pratama,ekapratama818@example.com,60,Male,"Tarakan, Kalimantan Utara"
901,Bambang Putra,bambangputra919@example.com,49,Male,"Cianjur, Jawa Barat"
902,Sukarno Sari,sukarnosari84@example.com,26,Female,"Medan, Sumatera Utara"
903,Indah Arifin B.Eng,indaharifin572@example.com,28,Female,"Banda Aceh, Aceh"
904,Yudi Nugroho,yudinugroho855@example.com,32,Male,"Palangkaraya, Kalimantan Tengah"
905,Siti Sujono,sitisujono92@example.com,19,Female,"Jayapura, Papua"
906,Budi Santoso B.Eng,budisantoso98@example.com,62,Male,"Tarakan, Kalimantan Utara"
907,Reni Tampubolon,renitampubolon772@example.com,38,Female,"Balikpapan, Kalimantan Timur"
908,Rina Kusuma,rinakusuma126@example.com,52,Female,"Jayapura, Papua"
909,Maya Sujono,mayasujono696@example.com,25,Female,"Mataram, Nusa Tenggara Barat"
910,Indah Kusuma,indahkusuma72@example.com,21,Female,"Pontianak, Kalimantan Barat"
911,Tasya Widodo,tasyawidodo80@example.com,21,Female,"Kendari, Sulawesi Tenggara"
912,Kartika Widodo,kartikawidodo124@example.com,20,Female,"Tarakan, Kalimantan Utara"
913,Sukmono Nugroho,sukmononugroho616@example.com,18,Male,"Makassar, Sulawesi Selatan"
914,Santi Wijaya,santiwijaya4@example.com,40,Female,"Tegal, Jawa Tengah"
915,Agus Panggabean,aguspanggabean504@example.com,23,Male,"Palangkaraya, Kalimantan Tengah"
916,Bambang Sujono,bambangsujono134@example.com,39,Female,"Pontianak, Kalimantan Barat"
917,Sukmono Wibowo,sukmonowibowo471@example.com,20,Male,"Cirebon, Jawa Barat"
918,Dewi Hidayat M.T.,dewihidayat545@example.com,19,Female,"Yogyakarta, Daerah Istimewa Yogyakarta"
919,Yudi Hidayat,yudihidayat104@example.com,64,Male,"Bukittinggi, Sumatera Barat"
920,Prabowo Nasution,prabowonasution355@example.com,36,Male,"Banjarmasin, Kalimantan Selatan"
921,Bambang Nugroho,bambangnugroho929@example.com,49,Male,"Jambi, Jambi"
922,Prabowo Nugroho,prabowonugroho603@example.com,56,Male,"Pekanbaru, Riau"
923,Lina Hidayat,linahidayat617@example.com,39,Female,"Pontianak, Kalimantan Barat"
924,Rizki Sujono,rizkisujono394@example.com,19,Male,"Cirebon, Jawa Barat"
925,Tomas Santoso,tomassantoso970@example.com,48,Male,"Surabaya, Jawa Timur"
926,Eka Panggabean,ekapanggabean83@example.com,26,Male,"Batam, Kepulauan Riau"
927,Tomas Putra,tomasputra325@example.com,48,Male,"Semarang, Jawa Tengah"
928,Reni Wijaya M.D.,reniwijaya306@example.com,40,Female,"Bandung, Jawa Barat"
929,Tono Kusuma,tonokusuma474@example.com,41,Male,"Gorontalo, Gorontalo"
930,Tomas Nugroho,tomasnugroho725@example.com,48,Male,"Samarinda, Kalimantan Timur"
931,Dewi Wijaya,dewiwijaya760@example.com,48,Female,"Surabaya, Jawa Timur"
932,Joko Hidayat,jokohidayat400@example.com,31,Male,"Bengkulu, Bengkulu"
933,Sukmono Santoso,sukmonosantoso681@example.com,36,Male,"Tanjungpinang, Kepulauan Riau"
934,Rina Santoso,rinasantoso596@example.com,32,Female,"Yogyakarta, Daerah Istimewa Yogyakarta"
935,Dewi Wijaya,dewiwijaya528@example.com,42,Female,"Malang, Jawa Timur"
936,Tomas Putra,tomasputra47@example.com,53,Male,"Malang, Jawa Timur"
937,Joko Hidayat,jokohidayat825@example.com,40,Male,"Denpasar, Bali"
938,Hendra Wijaya,hendrawijaya989@example.com,50,Male,"Surabaya, Jawa Timur"
939,Indah Santoso,indahsantoso854@example.com,20,Female,"Tarakan, Kalimantan Utara"
940,Siti Widodo,sitiwidodo655@example.com,39,Female,"Cirebon, Jawa Barat"
941,Kartika Halim,kartikahalim578@example.com,53,Female,"Denpasar, Bali"
942,Bambang Siregar M.T.,bambangsiregar679@example.com,26,Male,"Mataram, Nusa Tenggara Barat"
943,Dewi Arifin,dewiarifin7@example.com,37,Female,"Denpasar, Bali"
944,Dewi Halim,dewihalim154@example.com,37,Female,"Bandar Lampung, Lampung"
945,Lina Kusuma,linakusuma53@example.com,45,Female,"Bengkulu, Bengkulu"
946,Sukmono Batubara,sukmonobatubara967@example.com,38,Male,"Madiun, Jawa Timur"
947,Lina Tampubolon,linatampubolon500@example.com,61,Female,"Batang, Jawa Tengah"
948,Sukmono Nugroho M.A.,sukmononugroho729@example.com,37,Male,"Pekanbaru, Riau"
949,Siti Halim,sitihalim83@example.com,57,Female,"Banda Aceh, Aceh"
950,Prabowo Wibowo,prabowowibowo342@example.com,51,Male,"Cilegon, Banten"
951,Siti Sujono,sitisujono848@example.com,64,Female,"Jambi, Jambi"
952,Agus Wijaya,aguswijaya166@example.com,58,Male,"Gorontalo, Gorontalo"
953,Joko Sujono,jokosujono616@example.com,18,Male,"Bandung, Jawa Barat"
954,Kartika Wijaya,kartikawijaya580@example.com,58,Female,"Bandung, Jawa Barat"
955,Reni Sari,renisari369@example.com,51,Female,"Cirebon, Jawa Barat"
956,Sukarno Sari,sukarnosari960@example.com,49,Female,"Balikpapan, Kalimantan Timur"
957,Hendra Batubara,hendrabatubara697@example.com,58,Male,"Kendari, Sulawesi Tenggara"
958,Tomas Pratama,tomaspratama494@example.com,52,Male,"Mataram, Nusa Tenggara Barat"
959,Reni Wijaya,reniwijaya943@example.com,26,Female,"Batam, Kepulauan Riau"
960,Indah Wijaya,indahwijaya814@example.com,22,Female,"Lhokseumawe, Aceh"
961,Bambang Pratama,bambangpratama34@example.com,47,Male,"Manado, Sulawesi Utara"
962,Hendra Pratama S.Pd.,hendrapratama341@example.com,46,Male,"Bukittinggi, Sumatera Barat"
963,Agus Hidayat,agushidayat749@example.com,47,Male,"Denpasar, Bali"
964,Yudi Nugroho MBA,yudinugroho415@example.com,49,Male,"Denpasar, Bali"
965,Dewi Santoso,dewisantoso882@example.com,49,Female,"Tarakan, Kalimantan Utara"
966,Lina Sujono B.Eng,linasujono387@example.com,52,Female,"Kendari, Sulawesi Tenggara"
967,Rina Nugroho,rinanugroho155@example.com,19,Female,"Madiun, Jawa Timur"
968,Prabowo Hidayat,prabowohidayat305@example.com,19,Male,"Gorontalo, Gorontalo"
969,Agus Wijaya,aguswijaya403@example.com,42,Male,"Pekanbaru, Riau"
970,Kartika Simanjuntak,kartikasimanjuntak817@example.com,28,Female,"Jayapura, Papua"
971,Lina Wijaya,linawijaya696@example.com,45,Female,"Bali, Bali"
972,Joko Wibowo,jokowibowo510@example.com,30,Male,"Madiun, Jawa Timur"
973,Indah Sari,indahsari40@example.com,37,Female,"Banjarmasin, Kalimantan Selatan"
974,Maya Nugroho,mayanugroho999@example.com,51,Female,"Banjarmasin, Kalimantan Selatan"
975,Bambang Nugroho,bambangnugroho432@example.com,19,Female,"Jayapura, Papua"
976,Bambang Widodo,bambangwidodo605@example.com,19,Female,"Balikpapan, Kalimantan Timur"
977,Lina Nasution,linanasution371@example.com,19,Female,"Madiun, Jawa Timur"
978,Rizki Nugroho,rizkinugroho416@example.com,21,Male,"Pontianak, Kalimantan Barat"
979,Tomas Siregar,tomassiregar186@example.com,29,Male,"Madiun, Jawa Timur"
980,Tono Putra,tonoputra237@example.com,37,Male,"Pekanbaru, Riau"
981,Yudi Putra,yudiputra6@example.com,51,Male,"Bengkulu, Bengkulu"
982,Bambang Wibowo,bambangwibowo634@example.com,22,Male,"Tegal, Jawa Tengah"
983,Rina Sari,rinasari823@example.com,51,Female,"Kupang, Nusa Tenggara Timur"
984,Prabowo Nugroho,prabowonugroho782@example.com,51,Male,"Banjarmasin, Kalimantan Selatan"
985,Tomas Siregar,tomassiregar643@example.com,43,Male,"Mataram, Nusa Tenggara Barat"
986,Rizki Sujono,rizkisujono90@example.com,29,Male,"Batang, Jawa Tengah"
987,Bambang Sari,bambangsari146@example.com,26,Female,"Medan, Sumatera Utara"
988,Yudi Nugroho,yudinugroho223@example.com,38,Male,"Malang, Jawa Timur"
989,Dewi Arifin,dewiarifin233@example.com,31,Female,"Bandar Lampung, Lampung"
990,Siti Santoso,sitisantoso277@example.com,22,Female,"Surabaya, Jawa Timur"
991,Tomas Hasibuan,tomashasibuan308@example.com,62,Male,"Madiun, Jawa Timur"
992,Rina Arifin,rinaarifin67@example.com,55,Female,"Batang, Jawa Tengah"
993,Siti Santoso,sitisantoso265@example.com,41,Female,"Makassar, Sulawesi Selatan"
994,Rizki Putra,rizkiputra551@example.com,22,Male,"Cilegon, Banten"
995,Tasya Kusuma,tasyakusuma7@example.com,60,Female,"Cianjur, Jawa Barat"
996,Maya Arifin M.D.,mayaarifin678@example.com,26,Female,"Tarakan, Kalimantan Utara"
997,Kartika Sari,kartikasari489@example.com,37,Female,"Bukittinggi, Sumatera Barat"
998,Sukmono Siregar,sukmonosiregar308@example.com,61,Male,"Batam, Kepulauan Riau"
999,Siti Widodo,sitiwidodo100@example.com,45,Female,"Medan, Sumatera Utara"
1000,Rina Kusuma,rinakusuma922@example.com,59,Female,"Batam, Kepulauan Riau"
